,Digital 2d Art (Manga),,,,,,,,,,,,Size difference vs. Jpeg XL (-e 9 -E 3 -I 1),,,,,,,,,
exJpeg,PNG (Pingo + ECT),,WebP,WP2,FLIF,AVIF,JXL (e9 E3 I1),JXL (-e 9),JXL (-e 7),JXL (-e 3),BMF (-s),EMMA,WebP,WP2,FLIF,AVIF,PNG,Effort 9,Effort 7,Effort 3,BMF,EMMA
score,Total size:,"469,931,034","369,788,498","353,872,639","323,695,353","733,668,697","305,298,899","313,020,340","337,458,596","404,731,180","298,857,236","271,764,853",21.12%,15.91%,6.03%,140.31%,53.92%,2.53%,10.53%,32.57%,-2.11%,-10.98%
"1.000   NO,  this doesn't look like an ex-JPEG image.",0356n7qyhv841.png,"353,668","249,284","238,468","232,920","384,492","197,550","201,517","222,809","279,517","202,848","175,845",26.19%,20.71%,17.90%,94.63%,79.03%,2.01%,12.79%,41.49%,2.68%,-10.99%
1.096   Maybe. Try better methods.,05ekwgfy4vx31.png,"1,250,109","863,974","796,757","750,944","1,101,687","684,742","718,656","759,782","892,373","644,972","560,703",26.18%,16.36%,9.67%,60.89%,82.57%,4.95%,10.96%,30.32%,-5.81%,-18.11%
"1.043   NO,  this doesn't look like an ex-JPEG image.",07plc7gfj0l51.png,"222,800","208,594","211,652","173,449","1,306,364","154,400","155,311","226,102","351,451","152,352","137,943",35.10%,37.08%,12.34%,746.09%,44.30%,0.59%,46.44%,127.62%,-1.33%,-10.66%
"1.348 ! YES, this looks like an ex-JPEG image with smoothing, shifts: 7, 0.",08lgid8dzmm51.png,"630,473","549,954","561,208","485,325","1,832,250","446,550","449,118","516,736","1,494,949","353,428","400,088",23.16%,25.68%,8.68%,310.31%,41.19%,0.58%,15.72%,234.78%,-20.85%,-10.40%
"1.007   NO,  this doesn't look like an ex-JPEG image.",09aduh6p74t51.png,"3,009,088","1,829,910","1,683,524","1,302,014","5,257,977","1,317,941","1,323,459","1,664,119","2,379,187","1,283,056","1,131,410",38.85%,27.74%,-1.21%,298.95%,128.32%,0.42%,26.27%,80.52%,-2.65%,-14.15%
"1.404 ! YES, this looks like an ex-JPEG image, shifts: 7, 0.",0d7cmfgedax31.png,"507,356","352,912","337,171","330,080","427,960","304,328","310,471","315,065","343,553","275,720","276,248",15.96%,10.79%,8.46%,40.62%,66.71%,2.02%,3.53%,12.89%,-9.40%,-9.23%
1.097   Maybe. Try better methods.,0fir76s4wui41.png,"780,971","394,634","376,005","307,244","1,187,120","290,374","294,115","358,128","413,466","271,520","269,642",35.91%,29.49%,5.81%,308.82%,168.95%,1.29%,23.33%,42.39%,-6.49%,-7.14%
"1.000   NO,  this doesn't look like an ex-JPEG image.",0lon2dk63lk41.png,"1,590,018","1,416,212","1,407,757","1,411,301","2,148,080","1,371,072","1,376,500","1,436,456","1,468,466","1,270,012","1,280,748",3.29%,2.68%,2.93%,56.67%,15.97%,0.40%,4.77%,7.10%,-7.37%,-6.59%
1.069   Maybe. Try better methods.,0ndxun27hfv51.png,"456,619","396,894","429,500","350,498","1,684,457","327,916","323,799","344,286","402,253","368,844","299,616",21.04%,30.98%,6.89%,413.69%,39.25%,-1.26%,4.99%,22.67%,12.48%,-8.63%
"1.026   NO,  this doesn't look like an ex-JPEG image.",10y32mlyrh541.png,"2,483,790","1,926,332","1,835,357","1,693,571","2,297,322","1,584,246","1,638,130","1,678,640","1,798,830","1,428,684","1,393,820",21.59%,15.85%,6.90%,45.01%,56.78%,3.40%,5.96%,13.54%,-9.82%,-12.02%
"1.000   NO,  this doesn't look like an ex-JPEG image.",18rm18iz4b251.png,"13,925,706","11,915,956","11,460,221","11,408,492","13,893,841","10,932,949","11,208,767","11,488,358","12,513,375","10,417,052","9,606,417",8.99%,4.82%,4.35%,27.08%,27.37%,2.52%,5.08%,14.46%,-4.72%,-12.13%
"1.000   NO,  this doesn't look like an ex-JPEG image.",1cbooktsrtx51.png,"307,825","296,136","295,620","267,496","635,968","265,377","266,292","285,852","308,378","253,716","247,247",11.59%,11.40%,0.80%,139.65%,16.00%,0.34%,7.72%,16.20%,-4.39%,-6.83%
"1.000   NO,  this doesn't look like an ex-JPEG image.",1fh9easnsqw51.png,"698,434","632,090","633,611","546,259","1,171,215","479,789","482,087","550,376","1,492,600","590,972","446,290",31.74%,32.06%,13.85%,144.11%,45.57%,0.48%,14.71%,211.10%,23.17%,-6.98%
1.071   Maybe. Try better methods.,1foe9ya59p041.png,"184,561","182,428","179,105","148,952","549,350","131,295","132,218","149,750","185,320","144,404","121,846",38.95%,36.41%,13.45%,318.41%,40.57%,0.70%,14.06%,41.15%,9.98%,-7.20%
"1.000   NO,  this doesn't look like an ex-JPEG image.",1jp7zx38vjz51.png,"3,530,792","3,169,864","2,922,660","2,502,630","9,475,796","2,209,020","2,218,640","2,611,647","3,223,113","2,536,304","2,073,069",43.50%,32.31%,13.29%,328.96%,59.84%,0.44%,18.23%,45.91%,14.82%,-6.15%
"1.000   NO,  this doesn't look like an ex-JPEG image.",1p1f47uu9qr31.png,"5,918,981","4,097,936","3,920,153","4,181,676","4,479,573","3,657,316","3,733,578","4,243,364","4,953,739","3,508,732","3,343,735",12.05%,7.19%,14.34%,22.48%,61.84%,2.09%,16.02%,35.45%,-4.06%,-8.57%
"1.000   NO,  this doesn't look like an ex-JPEG image.",1sgnlp5o4qw51.png,"1,690,521","1,590,250","1,793,167","1,254,331","6,949,678","1,199,878","1,201,810","1,282,159","1,419,051","1,498,124","1,214,261",32.53%,49.45%,4.54%,479.20%,40.89%,0.16%,6.86%,18.27%,24.86%,1.20%
"1.000   NO,  this doesn't look like an ex-JPEG image.",1vhltf0n0mj51.png,"408,781","378,102","397,790","310,105","1,789,981","287,167","288,187","312,834","385,803","347,844","270,202",31.67%,38.52%,7.99%,523.32%,42.35%,0.36%,8.94%,34.35%,21.13%,-5.91%
"1.044   NO,  this doesn't look like an ex-JPEG image.",1xbcfb7b49h51.png,"235,352","159,282","246,065","272,893","816,058","205,573","210,361","301,446","410,416","204,888","189,799",-22.52%,19.70%,32.75%,296.97%,14.49%,2.33%,46.64%,99.64%,-0.33%,-7.67%
"1.000   NO,  this doesn't look like an ex-JPEG image.",1xhokv0wast51.png,"437,052","289,204","290,098","237,657","868,331","230,160","248,137","295,848","372,079","246,076","212,382",25.65%,26.04%,3.26%,277.27%,89.89%,7.81%,28.54%,61.66%,6.92%,-7.72%
"1.042   NO,  this doesn't look like an ex-JPEG image.",1y0ljuz626d51.png,"1,183,657","773,970","740,549","592,476","1,405,880","566,157","609,923","679,955","833,821","617,844","494,746",36.71%,30.80%,4.65%,148.32%,109.07%,7.73%,20.10%,47.28%,9.13%,-12.61%
1.064   Maybe. Try better methods.,1zf8de8t9c641.png,"1,503,459","1,151,506","1,083,504","1,007,285","1,293,000","891,070","914,071","959,008","1,118,212","774,464","759,670",29.23%,21.60%,13.04%,45.11%,68.73%,2.58%,7.62%,25.49%,-13.09%,-14.75%
"4.137 ! YES, this looks like an ex-JPEG image, no smoothing.",25t5v0p6cih41.png,"1,209,864","1,009,106","948,930","951,031","1,142,516","877,387","909,920","929,242","1,015,465","817,476","782,268",15.01%,8.15%,8.39%,30.22%,37.89%,3.71%,5.91%,15.74%,-6.83%,-10.84%
"1.000   NO,  this doesn't look like an ex-JPEG image.",2aqbd7vyq7k41.png,"222,402","161,566","154,373","151,224","211,403","136,082","137,822","146,319","164,737","121,728","125,633",18.73%,13.44%,11.13%,55.35%,63.43%,1.28%,7.52%,21.06%,-10.55%,-7.68%
"1.000   NO,  this doesn't look like an ex-JPEG image.",2cw0x1gol3l51.png,"615,811","589,482","576,702","537,762","1,316,570","495,937","500,102","554,534","609,535","543,912","466,936",18.86%,16.29%,8.43%,165.47%,24.17%,0.84%,11.82%,22.91%,9.67%,-5.85%
"1.024   NO,  this doesn't look like an ex-JPEG image.",2ics2cqraos51.png,"2,982,081","2,476,132","2,311,501","1,963,535","2,707,537","1,835,052","1,908,463","1,977,170","2,269,882","2,011,324","1,515,242",34.94%,25.96%,7.00%,47.55%,62.51%,4.00%,7.74%,23.70%,9.61%,-17.43%
"1.000   NO,  this doesn't look like an ex-JPEG image.",2iqjkg385xx51.png,"355,361","262,608","259,844","246,251","517,713","237,411","239,051","253,425","253,858","226,148","219,357",10.61%,9.45%,3.72%,118.07%,49.68%,0.69%,6.75%,6.93%,-4.74%,-7.60%
"1.000   NO,  this doesn't look like an ex-JPEG image.",2lp35x4l14w51.png,"1,222,279","775,988","762,814","592,601","1,686,855","544,193","545,783","599,355","687,386","466,208","417,054",42.59%,40.17%,8.90%,209.97%,124.60%,0.29%,10.14%,26.31%,-14.33%,-23.36%
1.072   Maybe. Try better methods.,2sl93y77mbc41.png,"654,306","497,980","485,790","435,584","655,831","400,051","419,671","451,557","522,114","377,748","345,515",24.48%,21.43%,8.88%,63.94%,63.56%,4.90%,12.87%,30.51%,-5.58%,-13.63%
"1.000   NO,  this doesn't look like an ex-JPEG image.",2w4v555f27x51.png,"281,851","188,664","185,999","173,352","366,726","169,319","170,595","181,543","195,574","165,552","160,925",11.43%,9.85%,2.38%,116.59%,66.46%,0.75%,7.22%,15.51%,-2.22%,-4.96%
"1.000   NO,  this doesn't look like an ex-JPEG image.",300d93mub5061.png,"53,761","48,244","48,474","47,796","92,335","45,979","46,830","48,831","48,947","44,552","44,658",4.93%,5.43%,3.95%,100.82%,16.93%,1.85%,6.20%,6.46%,-3.10%,-2.87%
"1.000   NO,  this doesn't look like an ex-JPEG image.",310hndgk1bk51.png,"1,402,134","1,320,430","1,352,398","1,383,643","6,873,883","1,284,674","1,289,402","1,592,754","1,854,530","1,297,840","1,120,937",2.78%,5.27%,7.70%,435.07%,9.14%,0.37%,23.98%,44.36%,1.02%,-12.75%
"1.000   NO,  this doesn't look like an ex-JPEG image.",33n8csg2fnw51.png,"995,781","929,506","909,208","858,769","1,690,204","813,965","816,718","838,163","849,227","750,840","755,635",14.19%,11.70%,5.50%,107.65%,22.34%,0.34%,2.97%,4.33%,-7.76%,-7.17%
"1.000   NO,  this doesn't look like an ex-JPEG image.",34kp5903o9s31.png,"648,624","410,000","391,145","381,096","483,104","356,316","365,343","375,160","400,715","306,604","313,792",15.07%,9.77%,6.95%,35.58%,82.04%,2.53%,5.29%,12.46%,-13.95%,-11.93%
"1.000   NO,  this doesn't look like an ex-JPEG image.",34ve9if9o7z31.png,"535,567","504,636","494,511","449,592","985,418","430,035","433,624","447,716","460,213","407,068","399,774",17.35%,14.99%,4.55%,129.15%,24.54%,0.83%,4.11%,7.02%,-5.34%,-7.04%
"1.000   NO,  this doesn't look like an ex-JPEG image.",37gtvpgu63x51.png,"1,456,800","1,022,834","1,000,301","691,637","1,458,968","687,629","748,584","772,340","1,010,579","686,272","658,740",48.75%,45.47%,0.58%,112.17%,111.86%,8.86%,12.32%,46.97%,-0.20%,-4.20%
"1.000   NO,  this doesn't look like an ex-JPEG image.",3brebx1we6d41.png,"394,216","284,000","277,169","254,905","375,716","223,052","231,449","234,987","258,376","209,524","214,753",27.32%,24.26%,14.28%,68.44%,76.74%,3.76%,5.35%,15.84%,-6.06%,-3.72%
"1.000   NO,  this doesn't look like an ex-JPEG image.",3fcvuwapar241.png,"232,071","202,590","230,041","158,247","781,109","147,663","147,445","158,627","178,596","174,080","138,012",37.20%,55.79%,7.17%,428.98%,57.16%,-0.15%,7.43%,20.95%,17.89%,-6.54%
"1.046   NO,  this doesn't look like an ex-JPEG image.",3h4nf25m9wu51.png,"135,356","126,106","124,108","117,455","246,574","107,210","108,481","113,710","117,873","105,832","102,324",17.63%,15.76%,9.56%,129.99%,26.25%,1.19%,6.06%,9.95%,-1.29%,-4.56%
"1.000   NO,  this doesn't look like an ex-JPEG image.",3npl5bhp2q851.png,"631,618","588,900","612,026","497,913","1,003,798","422,841","425,246","472,074","1,239,630","502,152","377,507",39.27%,44.74%,17.75%,137.39%,49.37%,0.57%,11.64%,193.17%,18.76%,-10.72%
"1.000   NO,  this doesn't look like an ex-JPEG image.",3q3swyovlsj31.png,"1,130,645","773,726","764,734","737,843","1,300,316","712,577","715,584","726,463","729,322","683,176","676,013",8.58%,7.32%,3.55%,82.48%,58.67%,0.42%,1.95%,2.35%,-4.13%,-5.13%
"1.000   NO,  this doesn't look like an ex-JPEG image.",3ractg3c1xo51.png,"1,753,785","1,182,334","1,097,288","947,334","2,088,805","926,426","934,410","1,019,276","1,151,112","987,032","800,927",27.62%,18.44%,2.26%,125.47%,89.31%,0.86%,10.02%,24.25%,6.54%,-13.55%
"1.000   NO,  this doesn't look like an ex-JPEG image.",3vjz9emizts51.png,"7,036,120","5,209,422","4,802,190","4,980,842","5,472,745","4,816,967","4,979,288","5,161,326","5,695,931","4,462,504","4,011,605",8.15%,-0.31%,3.40%,13.61%,46.07%,3.37%,7.15%,18.25%,-7.36%,-16.72%
"1.000   NO,  this doesn't look like an ex-JPEG image.",45rb3uepbxi41.png,"890,135","841,726","807,706","832,357","2,030,076","665,171","666,567","767,277","1,034,439","788,472","600,890",26.54%,21.43%,25.13%,205.20%,33.82%,0.21%,15.35%,55.51%,18.54%,-9.66%
"1.000   NO,  this doesn't look like an ex-JPEG image.",4c0im8p2mbk41.png,"1,266,052","1,257,108","1,230,655","1,055,657","3,475,902","977,432","992,824","1,101,291","1,278,095","1,072,564","929,408",28.61%,25.91%,8.00%,255.62%,29.53%,1.57%,12.67%,30.76%,9.73%,-4.91%
"1.572 ! YES, this looks like an ex-JPEG image, shifts: 7, 0.",4o019b6ydo641.png,"857,180","610,038","576,457","569,317","952,010","466,063","494,768","563,648","803,788","468,760","386,794",30.89%,23.69%,22.15%,104.27%,83.92%,6.16%,20.94%,72.46%,0.58%,-17.01%
"1.449 ! YES, this looks like an ex-JPEG image, no smoothing.",4pn7zckuhux51.png,"1,908,999","1,396,350","1,315,602","1,170,774","1,722,283","1,041,945","1,111,770","1,170,751","1,408,579","972,604","882,921",34.01%,26.26%,12.36%,65.30%,83.21%,6.70%,12.36%,35.19%,-6.65%,-15.26%
"1.028   NO,  this doesn't look like an ex-JPEG image.",4u2bmhrmaow31.png,"805,890","576,172","543,754","539,679","759,831","444,444","453,592","476,927","638,624","402,416","399,059",29.64%,22.34%,21.43%,70.96%,81.33%,2.06%,7.31%,43.69%,-9.46%,-10.21%
"1.039   NO,  this doesn't look like an ex-JPEG image.",4xu07pd7kvu51.png,"644,983","584,622","576,146","518,368","1,209,938","473,866","477,769","519,885","573,089","485,396","448,842",23.37%,21.58%,9.39%,155.33%,36.11%,0.82%,9.71%,20.94%,2.43%,-5.28%
"1.335 ! YES, this looks like an ex-JPEG image with smoothing, shifts: 0, 7.",55acuskkgs041.png,"573,046","378,748","369,756","345,567","560,284","316,843","330,228","355,214","431,571","280,668","276,927",19.54%,16.70%,9.07%,76.83%,80.86%,4.22%,12.11%,36.21%,-11.42%,-12.60%
"1.000   NO,  this doesn't look like an ex-JPEG image.",57arug7nb8x51.png,"411,117","381,250","364,537","354,691","651,251","343,141","345,181","357,972","367,266","330,320","323,144",11.11%,6.24%,3.37%,89.79%,19.81%,0.59%,4.32%,7.03%,-3.74%,-5.83%
"1.000   NO,  this doesn't look like an ex-JPEG image.",57upp3o24xl31.png,"30,989","18,864","18,567","18,613","37,054","16,842","18,485","21,165","30,884","18,252","16,693",12.01%,10.24%,10.52%,120.01%,84.00%,9.76%,25.67%,83.37%,8.37%,-0.88%
"1.642 ! YES, this looks like an ex-JPEG image, no smoothing, shifts: 0, 3.",5ahboj1uz1641.png,"626,910","508,634","492,596","473,487","591,746","411,183","430,842","446,681","520,701","391,696","363,325",23.70%,19.80%,15.15%,43.91%,52.46%,4.78%,8.63%,26.63%,-4.74%,-11.64%
"1.000   NO,  this doesn't look like an ex-JPEG image.",5dpyk0ah0xz41.png,"258,804","245,492","240,446","214,248","716,124","194,672","196,216","238,189","288,718","198,340","187,176",26.11%,23.51%,10.06%,267.86%,32.94%,0.79%,22.35%,48.31%,1.88%,-3.85%
"1.000   NO,  this doesn't look like an ex-JPEG image.",5htc03p48dc41.png,"93,352","89,926","88,256","81,382","241,255","77,698","78,542","87,917","93,306","86,160","75,017",15.74%,13.59%,4.74%,210.50%,20.15%,1.09%,13.15%,20.09%,10.89%,-3.45%
"1.000   NO,  this doesn't look like an ex-JPEG image.",5j0hk8wxzyz51.png,"119,050","92,962","93,049","89,644","238,395","80,991","91,858","115,653","163,760","91,636","71,288",14.78%,14.89%,10.68%,194.35%,46.99%,13.42%,42.80%,102.20%,13.14%,-11.98%
1.094   Maybe. Try better methods.,5lg9uz7fb7a41.png,"569,992","451,688","430,490","458,680","540,120","384,362","398,577","419,696","483,433","358,300","336,395",17.52%,12.00%,19.34%,40.52%,48.30%,3.70%,9.19%,25.78%,-6.78%,-12.48%
"1.000   NO,  this doesn't look like an ex-JPEG image.",5n6zxs98bfv51.png,"1,347,903","1,314,564","1,300,181","1,073,818","5,554,908","1,002,814","1,008,994","1,208,824","1,456,784","1,159,412","987,198",31.09%,29.65%,7.08%,453.93%,34.41%,0.62%,20.54%,45.27%,15.62%,-1.56%
"1.046   NO,  this doesn't look like an ex-JPEG image.",5qr1u2o8krh51.png,"571,317","366,734","337,181","292,777","472,866","272,177","276,641","287,671","325,133","244,684","233,088",34.74%,23.88%,7.57%,73.73%,109.91%,1.64%,5.69%,19.46%,-10.10%,-14.36%
"1.000   NO,  this doesn't look like an ex-JPEG image.",5qwrffpsi5641.png,"1,142,948","1,091,230","1,083,918","797,474","3,455,531","752,325","751,261","860,176","1,102,423","830,916","721,100",45.05%,44.08%,6.00%,359.31%,51.92%,-0.14%,14.34%,46.54%,10.45%,-4.15%
1.053   Maybe. Try better methods.,5u75tkcafvv31.png,"1,306,543","921,508","868,441","821,267","1,043,796","777,797","813,809","865,680","1,013,637","709,472","629,928",18.48%,11.65%,5.59%,34.20%,67.98%,4.63%,11.30%,30.32%,-8.78%,-19.01%
1.119   Maybe. Try better methods.,5upix5vwbb341.png,"418,604","275,630","271,786","226,381","499,281","231,601","245,197","259,452","289,804","234,160","218,987",19.01%,17.35%,-2.25%,115.58%,80.74%,5.87%,12.03%,25.13%,1.10%,-5.45%
"3.114 ! YES, this looks like an ex-JPEG image, shifts: 2, 7.",5vl046chw6841.png,"900,240","690,980","663,599","623,151","816,202","562,458","574,167","586,049","631,288","520,992","530,976",22.85%,17.98%,10.79%,45.11%,60.05%,2.08%,4.19%,12.24%,-7.37%,-5.60%
1.147   Maybe. Try better methods.,5we47lzx3my51.png,"342,936","258,456","256,790","241,329","351,246","219,559","227,003","235,484","260,988","223,608","205,751",17.72%,16.96%,9.92%,59.98%,56.19%,3.39%,7.25%,18.87%,1.84%,-6.29%
"1.040   NO,  this doesn't look like an ex-JPEG image.",5yqvn7szhhy51.png,"2,287,498","1,528,882","1,469,846","1,384,564","2,731,729","1,565,266","1,584,205","1,642,937","1,461,088","1,323,656","1,257,679",-2.32%,-6.10%,-11.54%,74.52%,46.14%,1.21%,4.96%,-6.66%,-15.44%,-19.65%
"1.000   NO,  this doesn't look like an ex-JPEG image.",66vw8pbwnvg41.png,"1,546,032","1,244,778","1,194,339","892,013","5,436,431","787,431","797,162","1,231,251","1,687,644","920,528","744,482",58.08%,51.68%,13.28%,590.40%,96.34%,1.24%,56.36%,114.32%,16.90%,-5.45%
"1.000   NO,  this doesn't look like an ex-JPEG image.",6br8xpi8csz31.png,"293,017","282,952","271,211","252,316","647,300","245,625","248,121","271,755","291,136","260,032","233,371",15.20%,10.42%,2.72%,163.53%,19.29%,1.02%,10.64%,18.53%,5.87%,-4.99%
"1.000   NO,  this doesn't look like an ex-JPEG image.",6cqfiru8r9v51.png,"414,901","261,908","255,437","230,451","566,467","211,434","212,272","225,321","243,918","215,220","196,126",23.87%,20.81%,8.99%,167.92%,96.23%,0.40%,6.57%,15.36%,1.79%,-7.24%
"1.000   NO,  this doesn't look like an ex-JPEG image.",6f4s8a1823h41.png,"121,031","115,566","116,010","102,115","291,815","96,648","97,141","103,450","111,484","106,284","95,396",19.57%,20.03%,5.66%,201.94%,25.23%,0.51%,7.04%,15.35%,9.97%,-1.30%
"1.000   NO,  this doesn't look like an ex-JPEG image.",6hf79uy0wtx51.png,"270,872","262,290","262,063","248,319","507,230","241,880","245,330","253,218","260,662","242,712","236,541",8.44%,8.34%,2.66%,109.70%,11.99%,1.43%,4.69%,7.77%,0.34%,-2.21%
"1.000   NO,  this doesn't look like an ex-JPEG image.",6lpx8jur2dj31.png,"335,651","314,032","303,323","276,413","684,803","261,488","262,750","280,601","295,312","266,092","240,747",20.09%,16.00%,5.71%,161.89%,28.36%,0.48%,7.31%,12.94%,1.76%,-7.93%
"1.000   NO,  this doesn't look like an ex-JPEG image.",6o1uqmswo3541.png,"2,329,297","1,684,276","1,630,214","1,592,773","1,920,302","1,553,449","1,623,257","1,682,179","2,083,114","1,285,548","1,288,388",8.42%,4.94%,2.53%,23.62%,49.94%,4.49%,8.29%,34.10%,-17.25%,-17.06%
"1.000   NO,  this doesn't look like an ex-JPEG image.",6wfc3ik5rc241.png,"451,261","424,584","403,995","390,376","788,354","376,492","379,924","395,061","403,231","368,828","351,583",12.77%,7.31%,3.69%,109.39%,19.86%,0.91%,4.93%,7.10%,-2.04%,-6.62%
"1.025   NO,  this doesn't look like an ex-JPEG image.",72g4rmitjuw51.png,"1,672,193","1,381,408","1,261,066","1,338,427","1,430,631","1,055,563","1,062,133","1,090,527","1,418,074","966,424","962,078",30.87%,19.47%,26.80%,35.53%,58.42%,0.62%,3.31%,34.34%,-8.44%,-8.86%
"1.009   NO,  this doesn't look like an ex-JPEG image.",74dko0k47dw41.png,"12,632,733","10,249,426","9,716,202","9,776,414","11,894,991","9,353,771","9,516,128","9,799,917","10,789,588","8,587,968","8,030,301",9.58%,3.87%,4.52%,27.17%,35.05%,1.74%,4.77%,15.35%,-8.19%,-14.15%
1.055   Maybe. Try better methods.,75wz2y9zj3061.png,"487,596","424,314","436,694","390,664","795,785","365,026","366,470","377,246","391,137","372,496","350,893",16.24%,19.63%,7.02%,118.01%,33.58%,0.40%,3.35%,7.15%,2.05%,-3.87%
"1.050   NO,  this doesn't look like an ex-JPEG image.",784uk3j0eax31.png,"3,601,796","2,525,876","2,390,760","2,343,537","3,778,790","1,977,192","2,075,462","2,217,142","2,731,097","1,925,280","1,656,799",27.75%,20.92%,18.53%,91.12%,82.17%,4.97%,12.14%,38.13%,-2.63%,-16.20%
"1.049   NO,  this doesn't look like an ex-JPEG image.",7cojpzqor2741.png,"481,115","443,894","530,222","382,777","1,037,628","352,768","354,747","382,504","755,461","468,228","370,500",25.83%,50.30%,8.51%,194.14%,36.38%,0.56%,8.43%,114.15%,32.73%,5.03%
"1.000   NO,  this doesn't look like an ex-JPEG image.",7kh9hikrea941.png,"3,302,641","2,175,300","2,100,220","2,245,058","2,383,874","2,058,750","2,238,905","2,303,868","2,637,421","1,938,152","1,753,718",5.66%,2.01%,9.05%,15.79%,60.42%,8.75%,11.91%,28.11%,-5.86%,-14.82%
"1.044   NO,  this doesn't look like an ex-JPEG image.",7ll2dm6ycjr41.png,"1,150,744","965,104","936,809","1,214,586","1,350,110","624,718","632,002","749,334","1,398,429","759,412","608,844",54.49%,49.96%,94.42%,116.12%,84.20%,1.17%,19.95%,123.85%,21.56%,-2.54%
"1.000   NO,  this doesn't look like an ex-JPEG image.",7of5c8rmca241.png,"2,295,682","1,606,544","1,519,527","1,176,755","2,314,954","1,164,011","1,181,079","1,280,330","1,436,719","988,940","1,046,201",38.02%,30.54%,1.09%,98.88%,97.22%,1.47%,9.99%,23.43%,-15.04%,-10.12%
1.060   Maybe. Try better methods.,7ovgj3w70wu51.png,"286,100","256,854","227,540","204,557","431,687","192,261","193,322","209,258","291,459","185,472","171,616",33.60%,18.35%,6.40%,124.53%,48.81%,0.55%,8.84%,51.60%,-3.53%,-10.74%
"1.000   NO,  this doesn't look like an ex-JPEG image.",7p9rd4564mj41.png,"74,754","72,268","67,636","58,890","226,329","52,326","52,850","65,318","80,926","54,620","51,268",38.11%,29.26%,12.54%,332.54%,42.86%,1.00%,24.83%,54.66%,4.38%,-2.02%
"1.000   NO,  this doesn't look like an ex-JPEG image.",7unlrxdm1j041.png,"311,403","241,292","232,063","225,284","271,808","202,658","204,209","206,016","214,465","184,888","191,901",19.06%,14.51%,11.16%,34.12%,53.66%,0.77%,1.66%,5.83%,-8.77%,-5.31%
"1.000   NO,  this doesn't look like an ex-JPEG image.",7x2mzmr21ny51.png,"994,815","657,962","643,245","560,162","1,346,528","541,642","543,865","561,308","577,716","489,408","491,722",21.48%,18.76%,3.42%,148.60%,83.67%,0.41%,3.63%,6.66%,-9.64%,-9.22%
"1.000   NO,  this doesn't look like an ex-JPEG image.",7xh362umihw51.png,"4,229,464","3,109,646","2,894,338","2,766,664","4,283,510","2,534,209","2,606,870","2,700,803","3,364,775","2,531,208","2,110,082",22.71%,14.21%,9.17%,69.03%,66.89%,2.87%,6.57%,32.77%,-0.12%,-16.74%
"1.000   NO,  this doesn't look like an ex-JPEG image.",7yudiwq39oa41.png,"1,027,171","989,982","971,201","895,979","2,287,247","889,768","896,100","995,613","1,083,282","881,188","792,913",11.26%,9.15%,0.70%,157.06%,15.44%,0.71%,11.90%,21.75%,-0.96%,-10.89%
"1.000   NO,  this doesn't look like an ex-JPEG image.",815jlxknl5o51.png,"535,388","465,720","480,011","430,813","2,078,736","371,122","374,194","431,022","1,443,494","298,812","363,073",25.49%,29.34%,16.08%,460.12%,44.26%,0.83%,16.14%,288.95%,-19.48%,-2.17%
"1.000   NO,  this doesn't look like an ex-JPEG image.",84i920hkslx51.png,"492,612","452,922","437,802","338,129","1,292,324","305,461","307,621","377,453","465,553","355,628","287,274",48.27%,43.33%,10.69%,323.07%,61.27%,0.71%,23.57%,52.41%,16.42%,-5.95%
"1.000   NO,  this doesn't look like an ex-JPEG image.",8657vkdqbda41.png,"1,379,783","1,017,716","997,889","949,681","1,252,744","912,806","926,639","947,221","997,374","883,324","845,595",11.49%,9.32%,4.04%,37.24%,51.16%,1.52%,3.77%,9.26%,-3.23%,-7.36%
"1.015   NO,  this doesn't look like an ex-JPEG image.",8bt4cbigiqv51.png,"1,833,054","1,734,170","1,646,600","1,531,703","3,615,406","1,333,657","1,340,887","1,431,217","1,739,457","1,527,800","1,272,138",30.03%,23.47%,14.85%,171.09%,37.45%,0.54%,7.32%,30.43%,14.56%,-4.61%
"1.000   NO,  this doesn't look like an ex-JPEG image.",8c0vuc2vgie41.png,"594,718","453,380","442,606","419,196","665,283","282,959","287,283","314,825","494,556","402,244","282,801",60.23%,56.42%,48.15%,135.12%,110.18%,1.53%,11.26%,74.78%,42.16%,-0.06%
"1.032   NO,  this doesn't look like an ex-JPEG image.",8dw7yyim8yn51.png,"1,860,398","1,467,588","1,383,427","1,498,978","1,708,258","1,130,219","1,142,366","1,226,244","1,552,914","1,072,368","1,040,643",29.85%,22.40%,32.63%,51.14%,64.61%,1.07%,8.50%,37.40%,-5.12%,-7.93%
"1.000   NO,  this doesn't look like an ex-JPEG image.",8efvhzvkcsd51.png,"259,523","248,028","240,482","208,530","839,758","172,886","173,430","264,453","516,310","183,416","151,167",43.46%,39.10%,20.62%,385.73%,50.11%,0.31%,52.96%,198.64%,6.09%,-12.56%
"1.000   NO,  this doesn't look like an ex-JPEG image.",8ex4nj6ey3w51.png,"144,077","136,864","141,181","104,608","505,930","95,831","97,168","107,439","125,954","108,080","97,079",42.82%,47.32%,9.16%,427.94%,50.34%,1.40%,12.11%,31.43%,12.78%,1.30%
"1.000   NO,  this doesn't look like an ex-JPEG image.",8gmv47tys6x51.png,"236,154","209,976","226,315","186,631","671,234","179,536","178,848","192,062","221,438","200,792","169,006",16.95%,26.06%,3.95%,273.87%,31.54%,-0.38%,6.98%,23.34%,11.84%,-5.87%
"1.000   NO,  this doesn't look like an ex-JPEG image.",8gydjdprm2h41.png,"781,417","542,710","516,523","512,794","738,928","445,755","462,745","492,921","614,046","391,228","374,393",21.75%,15.88%,15.04%,65.77%,75.30%,3.81%,10.58%,37.75%,-12.23%,-16.01%
"1.000   NO,  this doesn't look like an ex-JPEG image.",8hfmuspaxqy51.png,"1,047,925","1,012,672","1,000,014","906,430","2,520,854","896,397","898,551","1,011,042","1,113,296","944,824","817,588",12.97%,11.56%,1.12%,181.22%,16.90%,0.24%,12.79%,24.20%,5.40%,-8.79%
"1.000   NO,  this doesn't look like an ex-JPEG image.",8pxi7rjxp9v51.png,"2,308,504","1,846,798","1,666,635","1,610,367","2,012,303","1,607,539","1,675,683","1,728,055","1,949,571","1,545,044","1,299,520",14.88%,3.68%,0.18%,25.18%,43.60%,4.24%,7.50%,21.28%,-3.89%,-19.16%
"1.018   NO,  this doesn't look like an ex-JPEG image.",8s0o7eapf3x31.png,"1,235,911","1,165,924","1,150,033","1,054,017","2,082,474","1,033,547","1,039,090","1,062,021","1,080,697","968,692","958,302",12.81%,11.27%,1.98%,101.49%,19.58%,0.54%,2.75%,4.56%,-6.27%,-7.28%
"1.000   NO,  this doesn't look like an ex-JPEG image.",8vgmle14izg41.png,"836,250","556,656","530,856","393,764","794,088","363,944","384,350","409,970","482,443","342,368","334,118",52.95%,45.86%,8.19%,118.19%,129.77%,5.61%,12.65%,32.56%,-5.93%,-8.20%
"1.033   NO,  this doesn't look like an ex-JPEG image.",913yxx4iyp841.png,"573,900","381,452","385,608","322,969","798,950","294,877","309,608","354,646","584,245","298,984","231,418",29.36%,30.77%,9.53%,170.94%,94.62%,5.00%,20.27%,98.13%,1.39%,-21.52%
"1.000   NO,  this doesn't look like an ex-JPEG image.",94j2q1nqsoz51.png,"1,313,604","895,802","846,702","839,545","1,335,077","780,498","788,014","806,612","837,353","796,012","749,230",14.77%,8.48%,7.57%,71.05%,68.30%,0.96%,3.35%,7.28%,1.99%,-4.01%
"1.031   NO,  this doesn't look like an ex-JPEG image.",95syrffycdj51.png,"590,125","574,650","571,436","469,272","1,716,733","429,883","438,885","526,110","657,409","504,044","394,989",33.68%,32.93%,9.16%,299.35%,37.28%,2.09%,22.38%,52.93%,17.25%,-8.12%
"1.000   NO,  this doesn't look like an ex-JPEG image.",98fabv2o63u51.png,"1,112,557","1,052,654","1,039,879","921,151","2,224,321","929,751","935,822","1,019,919","1,111,253","896,832","843,614",13.22%,11.84%,-0.92%,139.24%,19.66%,0.65%,9.70%,19.52%,-3.54%,-9.26%
"1.000   NO,  this doesn't look like an ex-JPEG image.",99na2l7v2mh41.png,"50,756","47,544","47,075","36,852","253,007","34,348","34,330","40,474","47,175","36,972","38,168",38.42%,37.05%,7.29%,636.60%,47.77%,-0.05%,17.84%,37.34%,7.64%,11.12%
1.069   Maybe. Try better methods.,9bv9e504j2b41.png,"468,609","441,420","438,424","401,194","957,890","382,186","387,411","421,565","456,488","382,352","358,573",15.50%,14.71%,4.97%,150.63%,22.61%,1.37%,10.30%,19.44%,0.04%,-6.18%
1.067   Maybe. Try better methods.,9EYp13c.png,"49,424","47,408","47,619","34,607","321,311","31,955","32,035","41,098","57,447","34,868","33,211",48.36%,49.02%,8.30%,905.51%,54.67%,0.25%,28.61%,79.77%,9.12%,3.93%
"1.000   NO,  this doesn't look like an ex-JPEG image.",9h3c6u0d86r41.png,"5,134,466","3,657,600","3,467,815","2,681,416","8,849,123","2,630,912","2,690,042","2,806,448","2,971,448","2,252,348","2,223,398",39.02%,31.81%,1.92%,236.35%,95.16%,2.25%,6.67%,12.94%,-14.39%,-15.49%
"1.000   NO,  this doesn't look like an ex-JPEG image.",9hrvi961jhy31.png,"1,204,584","867,894","798,290","754,476","1,002,065","760,859","812,586","839,980","988,074","642,436","573,377",14.07%,4.92%,-0.84%,31.70%,58.32%,6.80%,10.40%,29.86%,-15.56%,-24.64%
"1.000   NO,  this doesn't look like an ex-JPEG image.",9n0zw1u0mar41.png,"1,062,027","686,854","661,113","632,663","1,055,899","596,219","605,346","624,454","711,713","583,344","546,650",15.20%,10.88%,6.11%,77.10%,78.13%,1.53%,4.74%,19.37%,-2.16%,-8.31%
"1.000   NO,  this doesn't look like an ex-JPEG image.",9o76dsh4ax061.png,"94,905","92,728","92,389","82,453","244,809","79,963","80,572","89,427","95,761","85,144","76,805",15.96%,15.54%,3.11%,206.15%,18.69%,0.76%,11.84%,19.76%,6.48%,-3.95%
"3.472 ! YES, this looks like an ex-JPEG image, no smoothing, shifts: 0, 2.",9s13kkm53mc41.png,"1,680,588","1,126,362","1,092,524","921,300","1,884,081","1,148,710","1,157,719","1,193,060","993,091","855,252","831,862",-1.95%,-4.89%,-19.80%,64.02%,46.30%,0.78%,3.86%,-13.55%,-25.55%,-27.58%
"1.410 ! YES, this looks like an ex-JPEG image, no smoothing.",9s9tJfj.png,"946,099","748,322","699,150","700,845","893,958","644,539","660,348","676,240","740,281","585,416","554,369",16.10%,8.47%,8.74%,38.70%,46.79%,2.45%,4.92%,14.85%,-9.17%,-13.99%
"1.000   NO,  this doesn't look like an ex-JPEG image.",9snkif62a2x51.png,"31,836","29,322","28,625","27,498","191,066","23,397","24,078","30,814","66,902","19,584","19,832",25.32%,22.34%,17.53%,716.63%,36.07%,2.91%,31.70%,185.94%,-16.30%,-15.24%
1.057   Maybe. Try better methods.,9yhicif0hjm51.png,"409,298","390,000","386,203","352,626","855,001","336,382","338,774","365,509","391,331","347,580","312,193",15.94%,14.81%,4.83%,154.18%,21.68%,0.71%,8.66%,16.34%,3.33%,-7.19%
"1.000   NO,  this doesn't look like an ex-JPEG image.",9yssoni3dwj41.png,"1,659,558","1,519,564","1,482,360","1,317,639","2,706,628","1,213,665","1,224,423","1,281,833","1,435,496","1,269,964","1,134,473",25.20%,22.14%,8.57%,123.01%,36.74%,0.89%,5.62%,18.28%,4.64%,-6.53%
"1.000   NO,  this doesn't look like an ex-JPEG image.",9z42xp0224p51.png,"6,787,978","5,625,670","5,341,448","5,062,015","6,158,461","4,704,185","4,967,054","5,280,816","6,694,994","4,088,924","3,965,299",19.59%,13.55%,7.61%,30.91%,44.30%,5.59%,12.26%,42.32%,-13.08%,-15.71%
"1.000   NO,  this doesn't look like an ex-JPEG image.",a1fok4ffenc41.png,"324,099","221,832","218,201","198,552","471,656","208,575","219,032","245,533","236,629","201,224","180,721",6.36%,4.62%,-4.81%,126.13%,55.39%,5.01%,17.72%,13.45%,-3.52%,-13.35%
"1.029   NO,  this doesn't look like an ex-JPEG image.",a69p6aez9ew31.png,"6,196,998","4,660,148","4,270,882","4,078,140","5,965,842","3,752,048","3,888,798","4,120,030","4,687,381","3,688,124","3,191,149",24.20%,13.83%,8.69%,59.00%,65.16%,3.64%,9.81%,24.93%,-1.70%,-14.95%
"1.000   NO,  this doesn't look like an ex-JPEG image.",a6wzuujbhny51.png,"1,233,599","889,402","799,667","740,105","1,153,651","661,590","689,860","728,341","888,126","653,500","548,632",34.43%,20.87%,11.87%,74.38%,86.46%,4.27%,10.09%,34.24%,-1.22%,-17.07%
"7.186 ! YES, this looks like an ex-JPEG image, no smoothing.",a75aq91wi0251.png,"1,843,363","1,010,324","936,199","769,690","3,262,389","848,779","855,024","1,008,066","1,002,280","809,060","719,775",19.03%,10.30%,-9.32%,284.36%,117.18%,0.74%,18.77%,18.08%,-4.68%,-15.20%
1.088   Maybe. Try better methods.,abz2u64thcc41.png,"1,269,216","968,358","903,195","848,129","1,085,481","762,001","783,004","794,655","877,779","649,484","662,519",27.08%,18.53%,11.30%,42.45%,66.56%,2.76%,4.29%,15.19%,-14.77%,-13.06%
"1.000   NO,  this doesn't look like an ex-JPEG image.",ack70hgd1hu31.png,"572,532","447,186","431,756","393,035","517,161","354,693","371,356","381,266","426,534","313,928","317,994",26.08%,21.73%,10.81%,45.81%,61.42%,4.70%,7.49%,20.25%,-11.49%,-10.35%
"1.000   NO,  this doesn't look like an ex-JPEG image.",adkeq32ol2051.png,"170,102","161,550","154,638","138,977","515,720","123,789","124,914","155,628","194,856","118,416","115,728",30.50%,24.92%,12.27%,316.61%,37.41%,0.91%,25.72%,57.41%,-4.34%,-6.51%
"1.000   NO,  this doesn't look like an ex-JPEG image.",aht7216eikx51.png,"157,792","106,176","104,025","100,519","208,536","95,905","96,658","100,429","105,072","94,704","91,925",10.71%,8.47%,4.81%,117.44%,64.53%,0.79%,4.72%,9.56%,-1.25%,-4.15%
1.072   Maybe. Try better methods.,ap8g0umghcm31.png,"800,500","408,762","392,775","311,195","1,385,049","285,079","289,398","410,288","560,290","285,596","259,959",43.39%,37.78%,9.16%,385.85%,180.80%,1.52%,43.92%,96.54%,0.18%,-8.81%
"1.000   NO,  this doesn't look like an ex-JPEG image.",asdh335d09z51.png,"744,923","713,554","732,552","596,057","1,149,044","509,880","511,079","623,184","812,485","477,136","496,479",39.95%,43.67%,16.90%,125.36%,46.10%,0.24%,22.22%,59.35%,-6.42%,-2.63%
"1.000   NO,  this doesn't look like an ex-JPEG image.",asqyjoi4the51.png,"303,899","295,804","292,443","219,739","1,647,618","204,627","201,471","253,888","330,192","240,044","197,427",44.56%,42.92%,7.39%,705.18%,48.51%,-1.54%,24.07%,61.36%,17.31%,-3.52%
"1.000   NO,  this doesn't look like an ex-JPEG image.",auk8jic70fx51.png,"524,926","381,456","364,888","346,950","440,275","323,855","330,371","330,069","348,315","290,320","286,678",17.79%,12.67%,7.13%,35.95%,62.09%,2.01%,1.92%,7.55%,-10.35%,-11.48%
1.082   Maybe. Try better methods.,awrutlpkyng41.png,"433,913","317,278","300,447","293,995","392,062","254,815","263,432","272,989","323,579","230,836","220,454",24.51%,17.91%,15.38%,53.86%,70.29%,3.38%,7.13%,26.99%,-9.41%,-13.48%
"1.000   NO,  this doesn't look like an ex-JPEG image.",axh99q4gagy51.png,"665,967","618,376","605,197","531,821","1,343,829","503,688","506,447","529,956","556,257","495,292","475,099",22.77%,20.15%,5.59%,166.80%,32.22%,0.55%,5.22%,10.44%,-1.67%,-5.68%
"1.049   NO,  this doesn't look like an ex-JPEG image.",aztzlnb9ihd41.png,"167,148","120,364","119,772","113,129","173,423","99,294","108,421","114,338","139,124","87,944","95,005",21.22%,20.62%,13.93%,74.66%,68.34%,9.19%,15.15%,40.11%,-11.43%,-4.32%
"1.000   NO,  this doesn't look like an ex-JPEG image.",b6z1k7dmx4l51.png,"296,855","282,048","287,376","251,218","1,074,064","233,416","233,453","306,959","393,078","249,828","212,743",20.83%,23.12%,7.63%,360.15%,27.18%,0.02%,31.51%,68.40%,7.03%,-8.86%
1.072   Maybe. Try better methods.,b7vw7liwo0e41.png,"2,542,062","1,817,384","2,034,846","1,883,030","5,572,375","1,369,120","1,473,888","1,748,027","6,756,900","1,392,744","1,210,579",32.74%,48.62%,37.54%,307.00%,85.67%,7.65%,27.68%,393.52%,1.73%,-11.58%
1.106   Maybe. Try better methods.,bfjt6syrzrg41.png,"1,048,673","888,616","851,892","673,287","1,621,575","598,459","600,999","631,560","688,324","481,908","529,299",48.48%,42.35%,12.50%,170.96%,75.23%,0.42%,5.53%,15.02%,-19.48%,-11.56%
"1.000   NO,  this doesn't look like an ex-JPEG image.",bgo4zorsifx51.png,"1,487,621","1,461,484","1,428,251","1,189,066","3,410,604","1,161,510","1,168,983","1,241,525","1,347,682","1,161,308","1,078,322",25.83%,22.97%,2.37%,193.64%,28.08%,0.64%,6.89%,16.03%,-0.02%,-7.16%
"1.000   NO,  this doesn't look like an ex-JPEG image.",bgzp5zsh5v241.png,"2,158,238","1,610,964","1,531,063","1,482,999","1,851,454","1,396,876","1,407,124","1,430,173","1,575,891","1,314,376","1,276,676",15.33%,9.61%,6.17%,32.54%,54.50%,0.73%,2.38%,12.82%,-5.91%,-8.60%
"1.318 ! YES, this looks like an ex-JPEG image, no smoothing, shifts: 1, 0.",bp1ol9qg52051.png,"1,155,324","679,278","640,918","559,379","1,785,110","515,099","517,352","583,187","712,250","571,904","467,029",31.87%,24.43%,8.60%,246.56%,124.29%,0.44%,13.22%,38.27%,11.03%,-9.33%
1.108   Maybe. Try better methods.,btmslqwnijh41.png,"209,973","198,878","198,113","158,465","446,038","146,553","146,653","155,088","167,041","138,212","138,886",35.70%,35.18%,8.13%,204.35%,43.27%,0.07%,5.82%,13.98%,-5.69%,-5.23%
"1.000   NO,  this doesn't look like an ex-JPEG image.",bzb0flugs8i31.png,"2,044,738","1,308,102","1,290,586","1,010,133","2,381,538","959,821","982,124","1,045,214","1,165,984","935,452","922,328",36.29%,34.46%,5.24%,148.12%,113.03%,2.32%,8.90%,21.48%,-2.54%,-3.91%
"1.022   NO,  this doesn't look like an ex-JPEG image.",c0fls6eza7v31.png,"1,432,889","930,172","926,558","801,196","1,476,513","787,370","809,874","828,970","871,507","743,432","741,435",18.14%,17.68%,1.76%,87.52%,81.98%,2.86%,5.28%,10.69%,-5.58%,-5.83%
"1.023   NO,  this doesn't look like an ex-JPEG image.",c4o4edl7zli41.png,"1,028,983","675,980","637,010","548,773","1,325,240","645,720","650,562","699,730","637,473","551,600","507,193",4.69%,-1.35%,-15.01%,105.23%,59.35%,0.75%,8.36%,-1.28%,-14.58%,-21.45%
"1.000   NO,  this doesn't look like an ex-JPEG image.",c5iboltu6cf41.png,"545,269","464,590","448,678","344,553","567,717","364,477","364,796","383,808","554,227","370,284","326,690",27.47%,23.10%,-5.47%,55.76%,49.60%,0.09%,5.30%,52.06%,1.59%,-10.37%
"1.260 ! YES, this looks like an ex-JPEG image, no smoothing, shifts: 7, 0.",c7zq2fj8r4e41.png,"895,200","735,058","716,424","712,210","866,849","663,218","687,209","705,340","774,385","637,644","567,729",10.83%,8.02%,7.39%,30.70%,34.98%,3.62%,6.35%,16.76%,-3.86%,-14.40%
"1.213 ! YES, this looks like an ex-JPEG image, shifts: 7, 0.",cd2imm9tj0f41.png,"686,134","459,926","440,592","372,462","592,099","350,477","362,891","376,622","412,982","318,656","309,834",31.23%,25.71%,6.27%,68.94%,95.77%,3.54%,7.46%,17.83%,-9.08%,-11.60%
1.079   Maybe. Try better methods.,cjk0mtkyeay51.png,"781,598","732,008","718,845","650,998","1,164,645","628,972","629,810","664,201","708,225","578,860","582,366",16.38%,14.29%,3.50%,85.17%,24.27%,0.13%,5.60%,12.60%,-7.97%,-7.41%
"1.045   NO,  this doesn't look like an ex-JPEG image.",ckvggfs81h441.png,"510,190","500,464","505,700","414,648","1,273,811","380,289","382,392","434,077","820,556","512,056","369,797",31.60%,32.98%,9.03%,234.96%,34.16%,0.55%,14.14%,115.77%,34.65%,-2.76%
"1.000   NO,  this doesn't look like an ex-JPEG image.",cmhi35ryywz51.png,"1,404,601","1,330,800","1,292,669","1,222,084","3,527,837","1,193,039","1,193,319","1,367,625","1,508,295","1,292,064","1,135,191",11.55%,8.35%,2.43%,195.70%,17.73%,0.02%,14.63%,26.42%,8.30%,-4.85%
"1.000   NO,  this doesn't look like an ex-JPEG image.",cobuaqenrw041.png,"266,448","247,102","240,174","216,023","523,902","209,541","211,021","225,276","238,625","217,644","200,338",17.93%,14.62%,3.09%,150.02%,27.16%,0.71%,7.51%,13.88%,3.87%,-4.39%
1.091   Maybe. Try better methods.,csokpchdzq841.png,"689,439","639,128","628,792","659,201","1,826,188","597,579","600,795","676,337","2,041,851","453,940","504,020",6.95%,5.22%,10.31%,205.60%,15.37%,0.54%,13.18%,241.69%,-24.04%,-15.66%
"1.000   NO,  this doesn't look like an ex-JPEG image.",ct91flrrgo641.png,"1,669,345","1,534,814","1,491,888","1,403,730","2,704,783","1,354,192","1,363,553","1,413,158","1,476,661","1,288,624","1,254,425",13.34%,10.17%,3.66%,99.73%,23.27%,0.69%,4.35%,9.04%,-4.84%,-7.37%
"1.000   NO,  this doesn't look like an ex-JPEG image.",ctamh1cazkb41.png,"23,825","19,866","16,582","14,028","28,604","14,133","14,170","15,606","45,297","12,672","13,310",40.56%,17.33%,-0.74%,102.39%,68.58%,0.26%,10.42%,220.51%,-10.34%,-5.82%
1.069   Maybe. Try better methods.,ctcdzfon6ie41.png,"912,476","611,398","570,688","469,353","1,034,019","431,014","445,987","478,993","564,886","474,756","410,186",41.85%,32.41%,8.90%,139.90%,111.70%,3.47%,11.13%,31.06%,10.15%,-4.83%
"1.036   NO,  this doesn't look like an ex-JPEG image.",ctv75xcmu0e41.png,"2,141,811","1,459,742","1,418,280","1,252,211","2,193,756","1,195,513","1,212,997","1,250,263","1,312,507","1,079,968","1,090,053",22.10%,18.63%,4.74%,83.50%,79.15%,1.46%,4.58%,9.79%,-9.66%,-8.82%
"1.000   NO,  this doesn't look like an ex-JPEG image.",d3q3wao848s51.png,"806,733","648,514","615,464","556,605","828,367","567,184","584,668","622,410","752,439","518,652","462,557",14.34%,8.51%,-1.87%,46.05%,42.23%,3.08%,9.74%,32.66%,-8.56%,-18.45%
"1.021   NO,  this doesn't look like an ex-JPEG image.",d8ahu5ekw0041.png,"1,005,765","921,914","884,050","805,566","1,704,709","765,734","766,834","791,165","816,552","714,036","720,929",20.40%,15.45%,5.20%,122.62%,31.35%,0.14%,3.32%,6.64%,-6.75%,-5.85%
"1.000   NO,  this doesn't look like an ex-JPEG image.",d9hgp28ngez51.png,"184,677","168,266","159,743","159,615","297,939","149,963","150,636","153,956","156,458","142,376","141,038",12.21%,6.52%,6.44%,98.68%,23.15%,0.45%,2.66%,4.33%,-5.06%,-5.95%
"1.000   NO,  this doesn't look like an ex-JPEG image.",dciy4u19svv31.png,"364,491","339,540","334,624","301,207","714,531","281,156","283,006","295,624","317,413","280,420","263,921",20.77%,19.02%,7.13%,154.14%,29.64%,0.66%,5.15%,12.90%,-0.26%,-6.13%
"1.017   NO,  this doesn't look like an ex-JPEG image.",dghx5h93l8k41.png,"621,654","433,042","422,094","392,040","684,170","447,090","462,803","517,081","636,228","404,516","316,862",-3.14%,-5.59%,-12.31%,53.03%,39.04%,3.51%,15.65%,42.30%,-9.52%,-29.13%
"1.049   NO,  this doesn't look like an ex-JPEG image.",dqziqgul6yy41.png,"376,937","372,248","378,155","424,173","1,628,146","314,344","316,624","364,466","697,567","343,488","277,717",18.42%,20.30%,34.94%,417.95%,19.91%,0.73%,15.94%,121.91%,9.27%,-11.65%
"1.000   NO,  this doesn't look like an ex-JPEG image.",dvm7diqq6v641.png,"300,183","291,954","289,999","260,877","656,295","267,145","269,933","288,859","359,123","268,296","236,204",9.29%,8.55%,-2.35%,145.67%,12.37%,1.04%,8.13%,34.43%,0.43%,-11.58%
"1.000   NO,  this doesn't look like an ex-JPEG image.",dx1cdug5jqn31.png,"715,529","452,380","438,898","384,473","944,663","365,387","366,170","379,047","398,808","342,340","338,546",23.81%,20.12%,5.22%,158.54%,95.83%,0.21%,3.74%,9.15%,-6.31%,-7.35%
"1.001   NO,  this doesn't look like an ex-JPEG image.",e7QQeLw.png,"424,402","289,208","283,055","238,914","567,561","241,599","252,028","273,550","295,644","247,772","224,191",19.71%,17.16%,-1.11%,134.92%,75.66%,4.32%,13.22%,22.37%,2.56%,-7.21%
"1.000   NO,  this doesn't look like an ex-JPEG image.",e8v7eqervov51.png,"2,233,799","1,740,036","1,645,270","1,548,479","3,666,390","1,449,246","1,460,902","1,544,133","1,687,206","1,508,964","1,320,843",20.06%,13.53%,6.85%,152.99%,54.14%,0.80%,6.55%,16.42%,4.12%,-8.86%
"1.034   NO,  this doesn't look like an ex-JPEG image.",EFqvA4S.png,"229,345","225,010","225,277","187,856","1,614,957","163,262","163,616","212,694","768,775","158,004","156,232",37.82%,37.98%,15.06%,889.18%,40.48%,0.22%,30.28%,370.88%,-3.22%,-4.31%
1.053   Maybe. Try better methods.,egmw02x3sh541.png,"1,391,630","1,044,948","1,005,867","921,824","1,193,319","895,531","945,214","960,672","1,090,297","796,184","762,981",16.68%,12.32%,2.94%,33.25%,55.40%,5.55%,7.27%,21.75%,-11.09%,-14.80%
"1.000   NO,  this doesn't look like an ex-JPEG image.",elw1ow8u50d41.png,"4,478,028","3,054,546","2,840,426","2,671,421","3,831,699","2,609,536","3,179,166","3,245,013","3,727,184","2,807,820","1,993,487",17.05%,8.85%,2.37%,46.83%,71.60%,21.83%,24.35%,42.83%,7.60%,-23.61%
"1.000   NO,  this doesn't look like an ex-JPEG image.",elwu547fi2m41.png,"242,919","233,296","234,278","197,553","1,045,742","186,190","186,419","205,452","233,758","205,636","180,609",25.30%,25.83%,6.10%,461.65%,30.47%,0.12%,10.35%,25.55%,10.44%,-3.00%
"1.000   NO,  this doesn't look like an ex-JPEG image.",emxp94rpsw941.png,"97,805","67,266","65,927","62,353","124,099","59,074","66,085","79,390","89,923","58,620","52,530",13.87%,11.60%,5.55%,110.07%,65.56%,11.87%,34.39%,52.22%,-0.77%,-11.08%
"1.248 ! YES, this looks like an ex-JPEG image, no smoothing, shifts: 2, 7.",eRDlQDn.png,"67,557","64,130","59,812","54,465","159,751","50,268","52,969","57,156","62,150","55,960","50,450",27.58%,18.99%,8.35%,217.80%,34.39%,5.37%,13.70%,23.64%,11.32%,0.36%
"1.560 ! YES, this looks like an ex-JPEG image.",ew0krp5u4r641.png,"60,705","54,294","49,781","38,415","80,071","41,332","41,497","50,241","171,611","32,876","36,227",31.36%,20.44%,-7.06%,93.73%,46.87%,0.40%,21.55%,315.20%,-20.46%,-12.35%
1.078   Maybe. Try better methods.,f0cvgyw7bbx51.png,"156,644","141,778","139,953","130,459","324,226","118,950","119,567","129,377","138,828","124,520","111,189",19.19%,17.66%,9.68%,172.57%,31.69%,0.52%,8.77%,16.71%,4.68%,-6.52%
"1.000   NO,  this doesn't look like an ex-JPEG image.",f1g6o0pi5gw51.png,"551,282","518,392","514,480","474,758","975,374","445,540","446,810","477,061","515,597","418,032","408,414",16.35%,15.47%,6.56%,118.92%,23.73%,0.29%,7.07%,15.72%,-6.17%,-8.33%
"1.273 ! YES, this looks like an ex-JPEG image with smoothing, shifts: 2, 1.",f83dwkzmdee51.png,"564,262","402,310","395,310","299,439","838,256","278,604","296,246","329,903","388,726","306,876","268,207",44.40%,41.89%,7.48%,200.88%,102.53%,6.33%,18.41%,39.53%,10.15%,-3.73%
"1.000   NO,  this doesn't look like an ex-JPEG image.",fan2qmvi10061.png,"114,693","105,510","105,263","95,473","215,396","91,870","92,307","96,367","99,356","89,284","88,170",14.85%,14.58%,3.92%,134.46%,24.84%,0.48%,4.89%,8.15%,-2.81%,-4.03%
"1.000   NO,  this doesn't look like an ex-JPEG image.",fejfk0m9dsz31.png,"815,876","542,992","529,487","492,670","1,031,313","471,894","474,511","487,154","495,958","439,452","437,478",15.07%,12.20%,4.40%,118.55%,72.89%,0.55%,3.23%,5.10%,-6.87%,-7.29%
1.090   Maybe. Try better methods.,fh3g1y2axlu31.png,"2,720,014","2,090,086","1,995,995","1,899,322","2,368,275","1,757,688","1,798,626","1,828,275","1,910,504","1,621,856","1,566,897",18.91%,13.56%,8.06%,34.74%,54.75%,2.33%,4.02%,8.69%,-7.73%,-10.85%
"1.000   NO,  this doesn't look like an ex-JPEG image.",fj9ubzbxr2441.png,"620,222","486,392","477,816","372,994","756,148","367,078","440,268","484,099","629,677","363,336","342,754",32.50%,30.17%,1.61%,105.99%,68.96%,19.94%,31.88%,71.54%,-1.02%,-6.63%
"4.413 ! YES, this looks like an ex-JPEG image, no smoothing.",flgzp8rxws751.png,"481,859","317,022","310,284","292,575","856,974","269,328","272,609","323,845","349,061","292,400","246,878",17.71%,15.21%,8.63%,218.19%,78.91%,1.22%,20.24%,29.60%,8.57%,-8.34%
"1.000   NO,  this doesn't look like an ex-JPEG image.",frcy34xmn5c41.png,"1,133,431","910,196","881,376","844,772","1,058,100","782,225","790,354","797,660","833,330","731,136","743,492",16.36%,12.68%,8.00%,35.27%,44.90%,1.04%,1.97%,6.53%,-6.53%,-4.95%
"1.000   NO,  this doesn't look like an ex-JPEG image.",fs8ajs8kd2y51.png,"143,270","135,244","134,703","126,447","245,842","115,196","115,928","120,862","124,902","110,796","112,294",17.40%,16.93%,9.77%,113.41%,24.37%,0.64%,4.92%,8.43%,-3.82%,-2.52%
"1.000   NO,  this doesn't look like an ex-JPEG image.",fuq0it82hv351.png,"58,564","52,102","50,377","46,041","151,753","39,647","39,983","46,960","54,589","43,656","38,436",31.41%,27.06%,16.13%,282.76%,47.71%,0.85%,18.45%,37.69%,10.11%,-3.05%
"1.000   NO,  this doesn't look like an ex-JPEG image.",fxs5sp5dwbu51.png,"1,692,669","1,675,698","1,405,294","1,204,853","5,160,646","1,104,742","1,108,480","1,336,548","1,881,364","1,134,024","969,326",51.68%,27.21%,9.06%,367.14%,53.22%,0.34%,20.98%,70.30%,2.65%,-12.26%
"1.000   NO,  this doesn't look like an ex-JPEG image.",g32j7ny0ubc51.png,"68,238","59,456","59,258","45,153","147,875","43,751","43,817","48,441","52,836","41,732","42,980",35.90%,35.44%,3.20%,237.99%,55.97%,0.15%,10.72%,20.77%,-4.61%,-1.76%
1.058   Maybe. Try better methods.,g4noc6157ly51.png,"398,374","391,526","388,051","318,531","1,648,713","302,607","299,269","325,355","387,386","338,108","286,607",29.38%,28.24%,5.26%,444.84%,31.65%,-1.10%,7.52%,28.02%,11.73%,-5.29%
"1.000   NO,  this doesn't look like an ex-JPEG image.",gazlg0zbr7631.png,"270,865","254,292","253,658","233,069","452,323","196,897","197,956","216,138","574,914","198,500","182,461",29.15%,28.83%,18.37%,129.73%,37.57%,0.54%,9.77%,191.99%,0.81%,-7.33%
"1.000   NO,  this doesn't look like an ex-JPEG image.",gc0zescjmdk41.png,"571,671","391,918","377,037","381,927","469,401","350,373","355,508","365,368","395,970","312,660","313,110",11.86%,7.61%,9.01%,33.97%,63.16%,1.47%,4.28%,13.01%,-10.76%,-10.64%
"1.000   NO,  this doesn't look like an ex-JPEG image.",gpkitubb1xy51.png,"460,600","450,458","428,523","371,421","1,084,269","346,283","351,070","389,784","418,800","373,904","331,392",30.08%,23.75%,7.26%,213.12%,33.01%,1.38%,12.56%,20.94%,7.98%,-4.30%
"1.033   NO,  this doesn't look like an ex-JPEG image.",gqjzlfbj33941.png,"670,652","618,550","600,934","502,998","1,303,864","470,718","472,984","505,814","551,213","493,548","436,136",31.41%,27.66%,6.86%,176.99%,42.47%,0.48%,7.46%,17.10%,4.85%,-7.35%
"1.000   NO,  this doesn't look like an ex-JPEG image.",grcrlxc84lv31.png,"237,591","221,154","219,279","201,453","476,436","191,119","192,376","205,661","224,620","197,252","175,757",15.72%,14.73%,5.41%,149.29%,24.32%,0.66%,7.61%,17.53%,3.21%,-8.04%
"1.000   NO,  this doesn't look like an ex-JPEG image.",gxeupa4v1zy51.png,"183,511","170,040","170,425","155,850","422,102","147,939","148,868","164,962","183,285","153,500","133,264",14.94%,15.20%,5.35%,185.32%,24.05%,0.63%,11.51%,23.89%,3.76%,-9.92%
"1.425 ! YES, this looks like an ex-JPEG image, no smoothing, shifts: 0, 2.",h6ddkmm8ghy41.png,"7,702,315","6,453,004","5,957,300","5,496,326","8,025,170","5,503,362","5,555,188","5,698,584","6,337,344","5,009,180","4,572,516",17.26%,8.25%,-0.13%,45.82%,39.96%,0.94%,3.55%,15.15%,-8.98%,-16.91%
"1.000   NO,  this doesn't look like an ex-JPEG image.",h7byj6rmvwm51.png,"236,289","188,570","180,643","151,366","384,784","126,556","127,300","132,838","147,927","111,068","110,264",49.00%,42.74%,19.60%,204.04%,86.71%,0.59%,4.96%,16.89%,-12.24%,-12.87%
"1.000   NO,  this doesn't look like an ex-JPEG image.",h8ei68h6d2y51.png,"1,643,440","1,144,674","1,115,122","1,116,458","1,573,421","874,603","906,684","966,471","1,250,838","858,120","788,712",30.88%,27.50%,27.65%,79.90%,87.91%,3.67%,10.50%,43.02%,-1.88%,-9.82%
"1.010   NO,  this doesn't look like an ex-JPEG image.",hgn92pwpfwu51.png,"4,559,201","2,905,668","2,478,997","1,988,155","8,025,019","1,985,029","1,998,568","2,416,645","2,924,498","2,000,836","1,673,851",46.38%,24.88%,0.16%,304.28%,129.68%,0.68%,21.74%,47.33%,0.80%,-15.68%
"1.012   NO,  this doesn't look like an ex-JPEG image.",hi4nhi2ab6k51.png,"3,328,412","2,491,562","2,470,625","2,557,662","4,299,667","2,412,735","2,944,765","3,206,033","4,097,913","2,135,252","2,097,704",3.27%,2.40%,6.01%,78.21%,37.95%,22.05%,32.88%,69.85%,-11.50%,-13.06%
"1.000   NO,  this doesn't look like an ex-JPEG image.",hoedf0p834v41.png,"264,098","242,614","239,301","208,969","525,158","195,195","195,910","211,562","226,228","190,824","183,455",24.29%,22.60%,7.06%,169.04%,35.30%,0.37%,8.38%,15.90%,-2.24%,-6.01%
"1.288 ! YES, this looks like an ex-JPEG image, no smoothing.",hsnfugk7mjh41.png,"449,981","308,112","296,103","270,388","473,892","243,204","263,114","273,123","315,765","242,956","217,601",26.69%,21.75%,11.18%,94.85%,85.02%,8.19%,12.30%,29.84%,-0.10%,-10.53%
1.090   Maybe. Try better methods.,hxuczcm4y3b51.png,"320,256","284,702","279,187","237,906","977,953","213,976","214,628","249,524","320,781","238,600","212,689",33.05%,30.48%,11.18%,357.04%,49.67%,0.30%,16.61%,49.91%,11.51%,-0.60%
"1.044   NO,  this doesn't look like an ex-JPEG image.",i74mgayxogp51.png,"1,374,662","793,902","753,200","473,146","1,483,982","394,177","397,076","461,750","1,290,653","512,812","466,162",101.41%,91.08%,20.03%,276.48%,248.74%,0.74%,17.14%,227.43%,30.10%,18.26%
"1.000   NO,  this doesn't look like an ex-JPEG image.",iAqUhG5.png,"152,880","139,566","139,745","110,882","542,438","97,654","99,050","129,682","177,692","105,664","98,388",42.92%,43.10%,13.55%,455.47%,56.55%,1.43%,32.80%,81.96%,8.20%,0.75%
"1.361 ! YES, this looks like an ex-JPEG image.",ielcx5cncxu51.png,"1,054,102","714,284","712,894","579,491","1,128,796","588,608","617,062","645,707","722,344","531,984","540,338",21.35%,21.12%,-1.55%,91.77%,79.08%,4.83%,9.70%,22.72%,-9.62%,-8.20%
"1.027   NO,  this doesn't look like an ex-JPEG image.",if5c868n2kd41.png,"2,169,468","1,392,924","1,355,967","1,078,399","2,222,299","1,024,911","1,064,654","1,115,354","1,199,480","934,232","978,211",35.91%,32.30%,5.22%,116.83%,111.67%,3.88%,8.82%,17.03%,-8.85%,-4.56%
"1.027   NO,  this doesn't look like an ex-JPEG image.",igzevwk4g4c41.png,"826,056","512,772","494,119","463,496","1,009,132","427,838","428,658","442,229","460,787","389,952","390,119",19.85%,15.49%,8.33%,135.87%,93.08%,0.19%,3.36%,7.70%,-8.86%,-8.82%
1.147   Maybe. Try better methods.,ij0p3nb0kxs31.png,"1,111,104","776,028","758,158","730,265","933,479","704,933","788,697","840,764","950,714","645,716","557,238",10.09%,7.55%,3.59%,32.42%,57.62%,11.88%,19.27%,34.87%,-8.40%,-20.95%
"1.172 ! YES, this looks like an ex-JPEG image, shifts: 3, 0.",ilklm5p46n341.png,"1,709,709","1,197,492","1,120,373","1,066,451","1,372,077","1,089,280","1,202,518","1,236,054","1,409,438","957,764","844,128",9.93%,2.85%,-2.10%,25.96%,56.96%,10.40%,13.47%,29.39%,-12.07%,-22.51%
1.073   Maybe. Try better methods.,inqwuakm7d341.png,"334,700","240,934","233,153","237,789","309,947","200,475","205,906","211,840","246,288","182,244","184,878",20.18%,16.30%,18.61%,54.61%,66.95%,2.71%,5.67%,22.85%,-9.09%,-7.78%
"1.038   NO,  this doesn't look like an ex-JPEG image.",ir4gnapl4sg41.png,"1,088,024","772,314","717,827","677,210","1,012,911","585,426","599,469","628,164","781,400","512,388","502,593",31.92%,22.62%,15.68%,73.02%,85.85%,2.40%,7.30%,33.48%,-12.48%,-14.15%
"1.000   NO,  this doesn't look like an ex-JPEG image.",iww25kr2mox51.png,"416,919","398,632","398,419","383,687","659,365","365,655","369,017","383,673","402,454","343,100","342,489",9.02%,8.96%,4.93%,80.32%,14.02%,0.92%,4.93%,10.06%,-6.17%,-6.34%
"4.100 ! YES, this looks like an ex-JPEG image, no smoothing, shifts: 7, 7.",j0e9kwo28bh41.png,"2,185,036","1,786,012","1,685,571","1,673,766","1,934,138","1,554,601","1,598,977","1,626,866","1,763,223","1,446,068","1,368,055",14.89%,8.42%,7.67%,24.41%,40.55%,2.85%,4.65%,13.42%,-6.98%,-12.00%
"1.000   NO,  this doesn't look like an ex-JPEG image.",j1z1vxfzhcw51.png,"426,067","269,638","262,013","228,036","520,473","206,937","208,756","216,138","226,560","181,836","190,846",30.30%,26.61%,10.20%,151.51%,105.89%,0.88%,4.45%,9.48%,-12.13%,-7.78%
1.068   Maybe. Try better methods.,j65e73c8gj941.png,"1,107,242","843,718","816,819","760,542","983,114","707,380","723,599","732,703","755,702","630,032","638,706",19.27%,15.47%,7.52%,38.98%,56.53%,2.29%,3.58%,6.83%,-10.93%,-9.71%
1.056   Maybe. Try better methods.,j65t42nyx8z51.png,"876,722","799,346","778,798","670,761","1,498,113","657,892","661,080","709,322","781,890","689,528","593,804",21.50%,18.38%,1.96%,127.71%,33.26%,0.48%,7.82%,18.85%,4.81%,-9.74%
"1.630 ! YES, this looks like an ex-JPEG image, no smoothing.",j6h1q9wi99d51.png,"1,338,809","996,316","946,060","937,382","1,285,917","800,495","843,370","879,291","993,453","757,840","707,838",24.46%,18.18%,17.10%,60.64%,67.25%,5.36%,9.84%,24.10%,-5.33%,-11.57%
"1.000   NO,  this doesn't look like an ex-JPEG image.",j6vbmy76qt141.png,"1,071,895","714,832","710,488","673,469","1,085,149","645,746","663,994","679,638","714,627","625,200","641,574",10.70%,10.03%,4.29%,68.05%,65.99%,2.83%,5.25%,10.67%,-3.18%,-0.65%
"1.000   NO,  this doesn't look like an ex-JPEG image.",ji6van7szv041.png,"1,071,222","948,086","1,017,540","840,717","2,943,278","781,834","783,628","825,445","978,253","943,688","725,140",21.26%,30.15%,7.53%,276.46%,37.01%,0.23%,5.58%,25.12%,20.70%,-7.25%
"1.000   NO,  this doesn't look like an ex-JPEG image.",jiv7yt1vuho51.png,"9,927,236","6,970,574","6,718,644","6,521,967","17,950,031","6,683,990","6,729,789","7,017,948","7,015,608","6,282,516","6,247,760",4.29%,0.52%,-2.42%,168.55%,48.52%,0.69%,5.00%,4.96%,-6.01%,-6.53%
"1.033   NO,  this doesn't look like an ex-JPEG image.",jkric6z99uk41.png,"3,095,273","2,502,080","2,093,814","2,313,629","2,633,830","1,826,668","1,850,858","2,009,708","2,946,610","1,716,216","1,493,650",36.98%,14.62%,26.66%,44.19%,69.45%,1.32%,10.02%,61.31%,-6.05%,-18.23%
"1.000   NO,  this doesn't look like an ex-JPEG image.",jocleu6v8jk51.png,"507,071","447,996","446,408","327,538","1,559,851","292,100","294,256","358,544","462,789","334,360","281,163",53.37%,52.83%,12.13%,434.01%,73.60%,0.74%,22.75%,58.44%,14.47%,-3.74%
"1.000   NO,  this doesn't look like an ex-JPEG image.",jvv1pxwr2ju51.png,"7,229,686","5,710,876","4,876,252","5,263,437","7,662,939","4,473,233","4,580,093","4,904,896","6,338,175","4,225,744","3,652,377",27.67%,9.01%,17.67%,71.31%,61.62%,2.39%,9.65%,41.69%,-5.53%,-18.35%
"1.000   NO,  this doesn't look like an ex-JPEG image.",jxqsj1uh4hh41.png,"135,159","126,740","122,656","107,820","292,340","101,682","102,108","111,534","118,716","101,544","97,778",24.64%,20.63%,6.04%,187.50%,32.92%,0.42%,9.69%,16.75%,-0.14%,-3.84%
1.082   Maybe. Try better methods.,jy6t1neky0841.png,"809,541","578,468","561,488","529,765","728,909","489,012","513,900","581,635","880,865","497,860","418,667",18.29%,14.82%,8.33%,49.06%,65.55%,5.09%,18.94%,80.13%,1.81%,-14.39%
"1.000   NO,  this doesn't look like an ex-JPEG image.",k57f1dfp8t041.png,"942,952","905,986","887,651","784,158","1,726,623","760,183","762,901","797,200","826,400","711,972","722,183",19.18%,16.77%,3.15%,127.13%,24.04%,0.36%,4.87%,8.71%,-6.34%,-5.00%
1.110   Maybe. Try better methods.,kbqon05dxs061.png,"630,872","439,920","430,687","360,360","755,335","344,398","362,362","389,379","443,402","361,652","340,373",27.74%,25.06%,4.63%,119.32%,83.18%,5.22%,13.06%,28.75%,5.01%,-1.17%
"1.000   NO,  this doesn't look like an ex-JPEG image.",kbt7zy6zkgq51.png,"5,071,700","4,858,220","4,538,585","3,776,175","11,435,148","3,599,076","3,599,135","3,985,242","4,506,954","3,980,244","3,335,090",34.99%,26.10%,4.92%,217.72%,40.92%,0.00%,10.73%,25.23%,10.59%,-7.33%
"4.185 ! YES, this looks like an ex-JPEG image, no smoothing, shifts: 0, 7.",keegrsvww8c51.png,"796,640","596,830","580,614","545,142","714,925","498,209","515,656","539,220","638,849","458,508","442,792",19.80%,16.54%,9.42%,43.50%,59.90%,3.50%,8.23%,28.23%,-7.97%,-11.12%
"1.000   NO,  this doesn't look like an ex-JPEG image.",khfylsv09vv31.png,"2,682,397","1,755,388","1,720,558","1,447,516","2,958,583","1,433,263","1,475,863","1,520,078","1,637,848","1,362,372","1,306,725",22.47%,20.04%,0.99%,106.42%,87.15%,2.97%,6.06%,14.27%,-4.95%,-8.83%
"1.000   NO,  this doesn't look like an ex-JPEG image.",kja0ovsvlum51.png,"4,421,693","4,156,410","3,737,567","3,105,950","15,450,213","3,024,363","3,033,531","3,978,927","6,287,192","3,097,112","2,677,744",37.43%,23.58%,2.70%,410.86%,46.20%,0.30%,31.56%,107.88%,2.41%,-11.46%
1.108   Maybe. Try better methods.,kn316v6tkdn51.png,"71,318","65,600","64,264","59,469","224,369","55,557","55,419","64,908","79,273","58,816","52,150",18.08%,15.67%,7.04%,303.85%,28.37%,-0.25%,16.83%,42.69%,5.87%,-6.13%
"1.000   NO,  this doesn't look like an ex-JPEG image.",kqo9rc2onry51.png,"2,872,369","2,775,126","2,758,979","2,029,615","14,579,431","1,915,965","1,924,945","2,229,112","2,822,132","2,520,512","1,775,684",44.84%,44.00%,5.93%,660.94%,49.92%,0.47%,16.34%,47.30%,31.55%,-7.32%
"1.569 ! YES, this looks like an ex-JPEG image.",kyuujg497zf31.png,"12,282","11,686","8,813","8,263","25,961","8,936","8,544","10,752","27,212","6,116","7,960",30.77%,-1.38%,-7.53%,190.52%,37.44%,-4.39%,20.32%,204.52%,-31.56%,-10.92%
"1.000   NO,  this doesn't look like an ex-JPEG image.",kzv6may4lyk51.png,"173,274","171,514","171,194","122,260","996,025","109,761","110,240","135,898","190,813","129,580","113,071",56.26%,55.97%,11.39%,807.45%,57.86%,0.44%,23.81%,73.84%,18.06%,3.02%
"1.000   NO,  this doesn't look like an ex-JPEG image.",l06l0pkv83u51.png,"431,894","409,622","396,331","313,709","1,117,833","283,970","286,380","332,855","406,081","312,692","258,625",44.25%,39.57%,10.47%,293.64%,52.09%,0.85%,17.21%,43.00%,10.11%,-8.93%
"1.000   NO,  this doesn't look like an ex-JPEG image.",l7cw3t0kaad51.png,"662,764","596,716","627,325","491,709","982,975","420,584","422,792","461,053","1,208,761","483,004","360,800",41.88%,49.16%,16.91%,133.72%,57.58%,0.52%,9.62%,187.40%,14.84%,-14.21%
"1.000   NO,  this doesn't look like an ex-JPEG image.",labksbm1cyi51.png,"283,530","250,314","241,017","196,102","1,397,428","191,922","194,488","261,622","334,666","192,152","178,089",30.42%,25.58%,2.18%,628.12%,47.73%,1.34%,36.32%,74.38%,0.12%,-7.21%
"1.000   NO,  this doesn't look like an ex-JPEG image.",lc5kta4uvbs51.png,"377,010","364,320","355,002","322,766","1,105,200","293,286","292,326","341,241","416,322","334,768","268,061",24.22%,21.04%,10.05%,276.83%,28.55%,-0.33%,16.35%,41.95%,14.14%,-8.60%
"2.731 ! YES, this looks like an ex-JPEG image with smoothing, shifts: 7, 7.",ldfuetschwe51.png,"2,963,941","2,063,950","2,002,304","1,732,380","2,897,495","1,514,842","1,660,542","1,855,896","2,249,666","1,491,804","1,312,300",36.25%,32.18%,14.36%,91.27%,95.66%,9.62%,22.51%,48.51%,-1.52%,-13.37%
"1.000   NO,  this doesn't look like an ex-JPEG image.",lffo1ffatun51.png,"331,530","306,066","297,301","254,184","826,691","228,063","229,915","265,265","316,076","252,472","208,680",34.20%,30.36%,11.45%,262.48%,45.37%,0.81%,16.31%,38.59%,10.70%,-8.50%
"1.171 ! YES, this looks like an ex-JPEG image, no smoothing, shifts: 2, 2.",lkcz7f8096t51.png,"636,442","477,884","460,938","456,756","554,401","401,409","410,391","414,770","447,740","369,052","372,975",19.05%,14.83%,13.79%,38.11%,58.55%,2.24%,3.33%,11.54%,-8.06%,-7.08%
"1.000   NO,  this doesn't look like an ex-JPEG image.",llecl3ewppx51.png,"164,138","106,682","104,657","97,914","219,283","94,381","94,949","99,815","103,906","93,812","90,346",13.03%,10.89%,3.74%,132.34%,73.91%,0.60%,5.76%,10.09%,-0.60%,-4.28%
"1.000   NO,  this doesn't look like an ex-JPEG image.",lqog06kn4xl51.png,"489,433","479,000","467,056","370,235","1,688,742","344,734","346,501","427,815","533,832","387,424","326,259",38.95%,35.48%,7.40%,389.87%,41.97%,0.51%,24.10%,54.85%,12.38%,-5.36%
"1.191 ! YES, this looks like an ex-JPEG image, no smoothing, shifts: 7, 7.",lyymmcve54841.png,"483,726","360,210","347,475","366,537","459,854","294,195","308,518","327,473","433,677","272,768","261,392",22.44%,18.11%,24.59%,56.31%,64.42%,4.87%,11.31%,47.41%,-7.28%,-11.15%
"1.201 ! YES, this looks like an ex-JPEG image, shifts: 0, 7.",mb7n0v12bfe51.png,"2,027,792","1,430,058","1,360,979","1,365,113","1,565,285","1,298,089","1,331,585","1,406,640","1,748,845","1,059,896","1,113,924",10.17%,4.84%,5.16%,20.58%,56.21%,2.58%,8.36%,34.72%,-18.35%,-14.19%
1.096   Maybe. Try better methods.,mcjesaqusa141.png,"2,409,284","1,576,686","1,525,229","1,365,303","2,833,421","1,540,206","1,553,917","1,608,106","1,455,473","1,241,784","1,200,839",2.37%,-0.97%,-11.36%,83.96%,56.43%,0.89%,4.41%,-5.50%,-19.38%,-22.03%
"1.000   NO,  this doesn't look like an ex-JPEG image.",mdz74asxvap51.png,"1,117,551","624,988","645,205","474,086","1,292,560","430,649","432,808","518,404","1,036,823","425,796","374,859",45.13%,49.82%,10.09%,200.14%,159.50%,0.50%,20.38%,140.76%,-1.13%,-12.95%
"1.000   NO,  this doesn't look like an ex-JPEG image.",mfht37fcjov31.png,"729,122","690,004","683,955","582,168","3,120,536","558,944","560,174","588,534","670,277","623,236","515,279",23.45%,22.37%,4.15%,458.29%,30.45%,0.22%,5.29%,19.92%,11.50%,-7.81%
"1.000   NO,  this doesn't look like an ex-JPEG image.",mg487d1ctv251.png,"2,210,119","1,394,752","1,314,089","1,459,503","2,721,274","1,117,732","1,122,021","1,170,764","1,320,000","1,095,968","1,015,116",24.78%,17.57%,30.58%,143.46%,97.73%,0.38%,4.74%,18.10%,-1.95%,-9.18%
1.089   Maybe. Try better methods.,mj660b39cer31.png,"231,379","214,932","212,111","187,912","417,973","176,957","177,665","188,714","196,355","168,980","171,452",21.46%,19.87%,6.19%,136.20%,30.75%,0.40%,6.64%,10.96%,-4.51%,-3.11%
"1.000   NO,  this doesn't look like an ex-JPEG image.",mm7d2w3zsul41.png,"296,414","275,298","266,166","253,482","619,636","245,100","247,087","264,235","274,558","250,208","228,533",12.32%,8.59%,3.42%,152.81%,20.94%,0.81%,7.81%,12.02%,2.08%,-6.76%
"1.000   NO,  this doesn't look like an ex-JPEG image.",msakckaxtyt41.png,"7,190,241","5,613,946","5,200,111","4,041,878","10,749,222","4,385,213","4,449,854","4,781,677","4,885,790","3,624,384","3,566,412",28.02%,18.58%,-7.83%,145.12%,63.97%,1.47%,9.04%,11.42%,-17.35%,-18.67%
"1.017   NO,  this doesn't look like an ex-JPEG image.",mvlzqie9kqe41.png,"1,080,004","701,608","692,793","585,195","1,791,174","556,537","561,943","602,496","668,888","555,600","511,797",26.07%,24.48%,5.15%,221.84%,94.06%,0.97%,8.26%,20.19%,-0.17%,-8.04%
"1.000   NO,  this doesn't look like an ex-JPEG image.",nEzAVOk.png,"815,854","530,768","508,699","454,274","1,094,803","428,596","431,202","458,784","475,494","415,876","401,325",23.84%,18.69%,5.99%,155.44%,90.36%,0.61%,7.04%,10.94%,-2.97%,-6.36%
"1.000   NO,  this doesn't look like an ex-JPEG image.",nm94tj2rwsf41.png,"540,423","383,940","376,138","296,587","736,594","311,903","331,935","356,799","372,626","306,548","273,465",23.10%,20.59%,-4.91%,136.16%,73.27%,6.42%,14.39%,19.47%,-1.72%,-12.32%
"1.031   NO,  this doesn't look like an ex-JPEG image.",nn30pa67tx741.png,"786,997","484,228","481,617","388,295","835,063","369,997","382,115","399,581","438,678","355,448","360,727",30.87%,30.17%,4.95%,125.69%,112.70%,3.28%,8.00%,18.56%,-3.93%,-2.51%
"1.000   NO,  this doesn't look like an ex-JPEG image.",NNXsPSc.png,"527,864","502,714","497,715","493,964","751,000","470,147","473,747","488,444","512,004","481,012","445,712",6.93%,5.86%,5.07%,59.74%,12.28%,0.77%,3.89%,8.90%,2.31%,-5.20%
"1.000   NO,  this doesn't look like an ex-JPEG image.",noctrucciqx41.png,"366,260","326,750","321,147","326,546","920,132","286,352","289,464","336,301","412,591","283,284","273,257",14.11%,12.15%,14.04%,221.33%,27.91%,1.09%,17.44%,44.09%,-1.07%,-4.57%
"1.000   NO,  this doesn't look like an ex-JPEG image.",nq4xlsirks841.png,"1,030,931","700,982","657,862","606,564","863,301","576,874","581,497","588,961","602,700","547,212","543,648",21.51%,14.04%,5.15%,49.65%,78.71%,0.80%,2.10%,4.48%,-5.14%,-5.76%
"1.000   NO,  this doesn't look like an ex-JPEG image.",o0ilan3v7fy51.png,"521,115","374,894","348,928","291,205","611,747","277,937","287,968","306,197","337,932","282,216","267,355",34.88%,25.54%,4.77%,120.10%,87.49%,3.61%,10.17%,21.59%,1.54%,-3.81%
"5.876 ! YES, this looks like an ex-JPEG image with smoothing, shifts: 7, 1.",o2gft9yymuz51.png,"5,202,586","3,722,572","3,429,115","2,836,430","7,338,391","3,076,435","3,148,803","3,275,152","3,482,250","2,684,216","2,416,813",21.00%,11.46%,-7.80%,138.54%,69.11%,2.35%,6.46%,13.19%,-12.75%,-21.44%
"1.000   NO,  this doesn't look like an ex-JPEG image.",ocpbxmgz4am51.png,"3,399,800","3,422,040","3,273,186","2,597,883","12,706,486","2,692,481","2,694,144","3,149,337","3,878,771","2,409,764","2,181,694",27.10%,21.57%,-3.51%,371.92%,26.27%,0.06%,16.97%,44.06%,-10.50%,-18.97%
"1.000   NO,  this doesn't look like an ex-JPEG image.",oeuxjaekbvw51.png,"1,148,031","790,954","728,998","650,282","1,015,274","675,836","756,240","791,532","880,902","636,272","554,738",17.03%,7.87%,-3.78%,50.22%,69.87%,11.90%,17.12%,30.34%,-5.85%,-17.92%
"1.000   NO,  this doesn't look like an ex-JPEG image.",oew55ay7ve731.png,"3,621,749","2,341,940","2,258,761","1,908,843","3,644,953","1,844,427","1,910,585","1,961,176","2,119,973","1,782,424","1,712,497",26.97%,22.46%,3.49%,97.62%,96.36%,3.59%,6.33%,14.94%,-3.36%,-7.15%
"1.000   NO,  this doesn't look like an ex-JPEG image.",ogqc4p4mfmx51.png,"367,647","321,812","311,361","268,710","1,061,294","253,158","254,099","275,143","296,630","226,784","250,068",27.12%,22.99%,6.14%,319.22%,45.22%,0.37%,8.68%,17.17%,-10.42%,-1.22%
"1.000   NO,  this doesn't look like an ex-JPEG image.",oklysuukkd941.png,"626,670","452,168","458,808","380,446","943,015","433,955","554,983","649,539","837,061","392,508","340,226",4.20%,5.73%,-12.33%,117.31%,44.41%,27.89%,49.68%,92.89%,-9.55%,-21.60%
1.057   Maybe. Try better methods.,os9paxzuu4q51.png,"11,270,407","7,454,774","7,068,496","7,040,805","29,820,355","7,029,783","7,115,572","8,100,361","8,110,153","7,160,608","6,313,673",6.05%,0.55%,0.16%,324.20%,60.32%,1.22%,15.23%,15.37%,1.86%,-10.19%
"1.000   NO,  this doesn't look like an ex-JPEG image.",otu2zhqpiyw51.png,"315,138","285,094","279,917","258,920","636,818","246,897","250,154","265,706","280,688","256,640","233,319",15.47%,13.37%,4.87%,157.93%,27.64%,1.32%,7.62%,13.69%,3.95%,-5.50%
1.083   Maybe. Try better methods.,oui538ut6pv31.png,"99,153","88,190","90,017","77,407","325,321","60,040","60,467","81,698","258,988","55,748","68,847",46.89%,49.93%,28.93%,441.84%,65.14%,0.71%,36.07%,331.36%,-7.15%,14.67%
"1.000   NO,  this doesn't look like an ex-JPEG image.",ovk5vppmwc951.png,"247,900","231,202","232,529","220,039","423,389","192,627","194,534","208,251","528,496","253,080","173,761",20.03%,20.71%,14.23%,119.80%,28.69%,0.99%,8.11%,174.36%,31.38%,-9.79%
"1.027   NO,  this doesn't look like an ex-JPEG image.",p3a6qadovw441.png,"6,770,629","5,391,652","5,114,958","4,428,535","7,009,742","4,144,069","4,362,087","4,603,496","5,202,925","3,906,248","3,644,276",30.11%,23.43%,6.86%,69.15%,63.38%,5.26%,11.09%,25.55%,-5.74%,-12.06%
"1.000   NO,  this doesn't look like an ex-JPEG image.",pg2c58vp6cd51.png,"3,615,780","3,594,270","3,477,284","2,916,894","16,405,496","2,822,279","2,843,469","3,423,271","4,052,456","3,254,424","2,671,832",27.35%,23.21%,3.35%,481.29%,28.12%,0.75%,21.29%,43.59%,15.31%,-5.33%
"1.000   NO,  this doesn't look like an ex-JPEG image.",pjv0pvoqunq51.png,"227,519","220,288","218,964","185,073","737,925","172,580","173,773","215,210","257,486","191,596","163,453",27.64%,26.88%,7.24%,327.58%,31.83%,0.69%,24.70%,49.20%,11.02%,-5.29%
"1.000   NO,  this doesn't look like an ex-JPEG image.",pyintn56n7r51.png,"2,537,758","2,383,206","2,304,771","2,101,005","4,606,003","2,094,284","2,100,484","2,273,481","2,455,310","1,959,404","1,839,299",13.80%,10.05%,0.32%,119.93%,21.18%,0.30%,8.56%,17.24%,-6.44%,-12.18%
"1.000   NO,  this doesn't look like an ex-JPEG image.",q2zxhqs7llw41.png,"7,891,612","7,625,674","7,320,633","7,625,134","7,726,209","7,415,285","7,421,617","7,667,168","8,109,817","7,306,860","7,116,892",2.84%,-1.28%,2.83%,4.19%,6.42%,0.09%,3.40%,9.37%,-1.46%,-4.02%
1.115   Maybe. Try better methods.,q8ihdlk76f641.png,"251,468","176,130","157,807","162,116","315,563","137,471","140,999","149,237","202,827","147,080","122,806",28.12%,14.79%,17.93%,129.55%,82.92%,2.57%,8.56%,47.54%,6.99%,-10.67%
"1.000   NO,  this doesn't look like an ex-JPEG image.",qezu3cgk7iq51.png,"408,196","381,260","375,440","354,469","668,964","339,508","341,179","352,822","359,168","335,776","328,943",12.30%,10.58%,4.41%,97.04%,20.23%,0.49%,3.92%,5.79%,-1.10%,-3.11%
"3.693 ! YES, this looks like an ex-JPEG image with smoothing.",qghifttfrkd41.png,"197,271","123,306","118,078","101,136","307,722","96,409","99,991","113,875","136,617","97,224","88,292",27.90%,22.48%,4.90%,219.18%,104.62%,3.72%,18.12%,41.71%,0.85%,-8.42%
"1.000   NO,  this doesn't look like an ex-JPEG image.",qhu4z6gyg4e41.png,"569,242","568,960","547,125","471,738","2,071,304","409,154","406,194","460,864","767,898","432,632","378,816",39.06%,33.72%,15.30%,406.24%,39.13%,-0.72%,12.64%,87.68%,5.74%,-7.41%
"1.000   NO,  this doesn't look like an ex-JPEG image.",qlw9qiabhxg41.png,"95,871","89,518","88,916","70,462","419,876","64,589","64,599","90,599","118,620","69,684","62,574",38.60%,37.66%,9.09%,550.07%,48.43%,0.02%,40.27%,83.65%,7.89%,-3.12%
"1.509 ! YES, this looks like an ex-JPEG image, shifts: 7, 0.",qosbci2hw8441.png,"1,196,597","867,752","807,919","751,360","1,301,573","684,825","708,301","782,894","1,125,506","695,556","525,974",26.71%,17.97%,9.72%,90.06%,74.73%,3.43%,14.32%,64.35%,1.57%,-23.20%
"1.000   NO,  this doesn't look like an ex-JPEG image.",r0yk3kmy7aw31.png,"972,603","866,704","847,664","732,527","1,649,112","711,687","710,469","745,846","790,697","641,120","677,891",21.78%,19.11%,2.93%,131.72%,36.66%,-0.17%,4.80%,11.10%,-9.92%,-4.75%
"4.172 ! YES, this looks like an ex-JPEG image, no smoothing.",r4c9uy0ecih41.png,"1,276,164","1,042,262","976,054","976,590","1,126,282","896,554","928,065","937,062","1,029,079","842,344","818,742",16.25%,8.87%,8.93%,25.62%,42.34%,3.51%,4.52%,14.78%,-6.05%,-8.68%
"1.048   NO,  this doesn't look like an ex-JPEG image.",rg1dgzoqehv51.png,"82,010","77,628","76,375","71,956","186,540","70,373","71,134","76,444","80,702","73,580","70,930",10.31%,8.53%,2.25%,165.07%,16.54%,1.08%,8.63%,14.68%,4.56%,0.79%
"1.000   NO,  this doesn't look like an ex-JPEG image.",rgu0olj8ckt51.png,"652,618","620,820","639,885","581,007","2,813,882","531,665","513,465","596,751","806,046","656,372","464,494",16.77%,20.35%,9.28%,429.26%,22.75%,-3.42%,12.24%,51.61%,23.46%,-12.63%
1.070   Maybe. Try better methods.,rhg1wxvtijw51.png,"6,870,970","6,530,544","6,147,587","5,381,972","19,300,416","4,943,431","4,957,486","5,207,174","6,005,469","5,172,796","4,622,032",32.11%,24.36%,8.87%,290.43%,38.99%,0.28%,5.34%,21.48%,4.64%,-6.50%
"3.249 ! YES, this looks like an ex-JPEG image.",rnynhtqc3ji41.png,"319,507","208,810","197,672","171,324","419,197","160,485","171,769","191,445","233,149","159,828","137,804",30.11%,23.17%,6.75%,161.21%,99.09%,7.03%,19.29%,45.28%,-0.41%,-14.13%
"1.000   NO,  this doesn't look like an ex-JPEG image.",rox4kbum5zu31.png,"290,221","285,906","271,704","221,911","702,048","201,061","202,792","228,739","277,071","240,120","189,174",42.20%,35.14%,10.37%,249.17%,44.34%,0.86%,13.77%,37.80%,19.43%,-5.91%
"1.046   NO,  this doesn't look like an ex-JPEG image.",ryrd7w950jx31.png,"1,857,326","1,186,674","1,146,495","902,444","1,972,540","848,760","867,895","913,263","999,434","765,664","810,960",39.81%,35.08%,6.32%,132.40%,118.83%,2.25%,7.60%,17.75%,-9.79%,-4.45%
"1.035   NO,  this doesn't look like an ex-JPEG image.",s8bvhcua5z541.png,"222,197","214,250","215,052","162,517","924,158","150,540","150,780","185,086","244,252","175,012","150,515",42.32%,42.85%,7.96%,513.90%,47.60%,0.16%,22.95%,62.25%,16.26%,-0.02%
"1.231 ! YES, this looks like an ex-JPEG image, no smoothing, shifts: 7, 7.",sax87ltp5g741.png,"1,346,514","904,606","857,624","870,278","1,317,630","744,803","798,333","860,994","1,088,024","728,268","615,212",21.46%,15.15%,16.85%,76.91%,80.79%,7.19%,15.60%,46.08%,-2.22%,-17.40%
"1.000   NO,  this doesn't look like an ex-JPEG image.",sdd0ysmtkij41.png,"506,192","462,074","448,109","408,843","844,254","380,163","380,007","395,757","404,391","354,200","355,788",21.55%,17.87%,7.54%,122.08%,33.15%,-0.04%,4.10%,6.37%,-6.83%,-6.41%
"1.000   NO,  this doesn't look like an ex-JPEG image.",skiv0kpboxv31.png,"1,230,465","964,844","942,058","928,466","2,871,143","874,119","876,264","1,043,788","1,313,133","904,668","685,196",10.38%,7.77%,6.22%,228.46%,40.77%,0.25%,19.41%,50.22%,3.49%,-21.61%
1.105   Maybe. Try better methods.,sl5yo6xknfx51.png,"116,741","74,506","75,139","72,130","152,473","66,587","67,039","70,514","74,546","65,572","65,536",11.89%,12.84%,8.32%,128.98%,75.32%,0.68%,5.90%,11.95%,-1.52%,-1.58%
"1.040   NO,  this doesn't look like an ex-JPEG image.",slag4vc7fca51.png,"3,056,316","2,908,980","2,837,183","2,657,378","5,251,383","2,638,876","2,640,535","2,805,379","2,979,720","2,439,120","2,388,346",10.24%,7.51%,0.70%,99.00%,15.82%,0.06%,6.31%,12.92%,-7.57%,-9.49%
"1.000   NO,  this doesn't look like an ex-JPEG image.",sp7mrnkx50i41.png,"10,514","10,390","8,860","7,318","16,458","7,193","7,196","7,233","10,779","6,712","6,805",44.45%,23.18%,1.74%,128.81%,46.17%,0.04%,0.56%,49.85%,-6.69%,-5.39%
"1.000   NO,  this doesn't look like an ex-JPEG image.",st7o3sc94bl31.png,"474,498","443,354","434,793","412,629","738,050","382,460","383,727","390,964","398,411","357,072","355,695",15.92%,13.68%,7.89%,92.97%,24.06%,0.33%,2.22%,4.17%,-6.64%,-7.00%
1.060   Maybe. Try better methods.,sw15k7cd8bs51.png,"473,441","429,214","419,798","355,229","1,067,192","329,860","333,114","370,462","429,813","371,252","308,766",30.12%,27.27%,7.69%,223.53%,43.53%,0.99%,12.31%,30.30%,12.55%,-6.39%
"1.000   NO,  this doesn't look like an ex-JPEG image.",t8413jg2xhu51.png,"1,170,279","1,092,140","1,060,844","990,505","2,242,384","984,334","990,592","1,051,232","1,124,872","980,540","907,036",10.95%,7.77%,0.63%,127.81%,18.89%,0.64%,6.80%,14.28%,-0.39%,-7.85%
"1.037   NO,  this doesn't look like an ex-JPEG image.",ta2u6enmiya51.png,"1,496,391","1,227,996","1,162,501","1,118,602","1,464,710","1,008,178","1,033,097","1,090,042","1,203,338","896,348","879,527",21.80%,15.31%,10.95%,45.28%,48.43%,2.47%,8.12%,19.36%,-11.09%,-12.76%
"1.000   NO,  this doesn't look like an ex-JPEG image.",taijjquhxu341.png,"1,589,432","1,000,016","986,009","808,628","1,724,484","770,840","784,712","826,838","891,156","716,148","739,112",29.73%,27.91%,4.90%,123.71%,106.19%,1.80%,7.26%,15.61%,-7.10%,-4.12%
"1.000   NO,  this doesn't look like an ex-JPEG image.",te1grm8nt5951.png,"749,070","677,342","687,987","564,460","1,234,838","479,996","484,416","536,991","1,526,629","587,328","432,055",41.11%,43.33%,17.60%,157.26%,56.06%,0.92%,11.87%,218.05%,22.36%,-9.99%
"1.000   NO,  this doesn't look like an ex-JPEG image.",teyr9zmaz4941.png,"1,626,593","1,230,294","1,171,682","1,193,732","1,504,683","1,051,054","1,096,879","1,141,196","1,348,549","1,024,236","943,753",17.05%,11.48%,13.57%,43.16%,54.76%,4.36%,8.58%,28.30%,-2.55%,-10.21%
"1.000   NO,  this doesn't look like an ex-JPEG image.",toow1jwgurf51.png,"342,392","311,336","315,217","270,446","891,111","254,072","255,936","281,886","310,619","281,472","251,563",22.54%,24.07%,6.44%,250.73%,34.76%,0.73%,10.95%,22.26%,10.78%,-0.99%
"1.000   NO,  this doesn't look like an ex-JPEG image.",ts6gs1zldis41.png,"2,045,018","1,308,102","1,288,804","1,010,133","2,380,999","959,821","982,124","1,045,214","1,165,984","935,452","922,328",36.29%,34.28%,5.24%,148.07%,113.06%,2.32%,8.90%,21.48%,-2.54%,-3.91%
"1.000   NO,  this doesn't look like an ex-JPEG image.",u493gucxt2f41.png,"483,225","467,796","462,453","399,469","1,315,736","373,950","375,841","432,001","507,339","409,928","346,692",25.10%,23.67%,6.82%,251.85%,29.22%,0.51%,15.52%,35.67%,9.62%,-7.29%
"1.000   NO,  this doesn't look like an ex-JPEG image.",u4dOzgH.png,"107,824","99,822","98,871","80,897","227,850","77,446","77,291","80,946","90,351","73,980","73,153",28.89%,27.66%,4.46%,194.20%,39.22%,-0.20%,4.52%,16.66%,-4.48%,-5.54%
"1.000   NO,  this doesn't look like an ex-JPEG image.",u6m88rkq6xf41.png,"4,011,071","2,886,134","2,666,485","2,533,319","3,566,723","2,401,175","2,432,349","2,477,451","2,528,483","2,254,532","2,134,813",20.20%,11.05%,5.50%,48.54%,67.05%,1.30%,3.18%,5.30%,-6.11%,-11.09%
"1.000   NO,  this doesn't look like an ex-JPEG image.",ua53r4a192d41.png,"745,493","672,770","653,149","552,360","1,394,444","513,965","514,355","536,400","564,998","464,652","475,947",30.90%,27.08%,7.47%,171.31%,45.05%,0.08%,4.37%,9.93%,-9.59%,-7.40%
"1.000   NO,  this doesn't look like an ex-JPEG image.",uciu2pxv1xd31.png,"799,599","536,808","524,870","520,361","968,256","498,350","501,464","515,096","506,405","450,944","441,361",7.72%,5.32%,4.42%,94.29%,60.45%,0.62%,3.36%,1.62%,-9.51%,-11.44%
"1.000   NO,  this doesn't look like an ex-JPEG image.",udrw27yblkc41.png,"1,088,546","783,332","731,320","658,550","1,054,546","612,200","623,010","642,061","723,119","597,428","533,723",27.95%,19.46%,7.57%,72.26%,77.81%,1.77%,4.88%,18.12%,-2.41%,-12.82%
"1.809 ! YES, this looks like an ex-JPEG image, shifts: 0, 7.",uldt2kkdw1v51.png,"1,959,344","1,431,768","1,340,044","1,228,614","1,821,231","1,068,442","1,146,479","1,229,624","1,482,697","993,444","897,352",34.01%,25.42%,14.99%,70.46%,83.38%,7.30%,15.09%,38.77%,-7.02%,-16.01%
"1.000   NO,  this doesn't look like an ex-JPEG image.",upgakmt08yk41.png,"324,935","309,204","309,189","218,851","1,596,858","196,123","191,905","217,407","295,523","227,868","189,103",57.66%,57.65%,11.59%,714.21%,65.68%,-2.15%,10.85%,50.68%,16.19%,-3.58%
"1.000   NO,  this doesn't look like an ex-JPEG image.",uu4c5wtjlhz51.png,"724,082","666,886","684,060","563,962","1,175,690","476,857","480,346","545,902","1,515,741","583,380","434,873",39.85%,43.45%,18.27%,146.55%,51.84%,0.73%,14.48%,217.86%,22.34%,-8.80%
"1.028   NO,  this doesn't look like an ex-JPEG image.",uy4c4jrhafr51.png,"12,388,346","8,193,238","8,119,709","7,667,925","12,720,945","7,678,228","8,217,571","8,673,880","9,435,222","8,189,436","7,137,229",6.71%,5.75%,-0.13%,65.68%,61.34%,7.02%,12.97%,22.88%,6.66%,-7.05%
1.068   Maybe. Try better methods.,v6pqpfvabr541.png,"1,000,081","791,184","747,335","676,373","919,496","629,353","649,802","661,146","718,318","547,784","548,633",25.71%,18.75%,7.47%,46.10%,58.91%,3.25%,5.05%,14.14%,-12.96%,-12.83%
"1.000   NO,  this doesn't look like an ex-JPEG image.",v7exuwx459z31.png,"1,622,575","1,183,938","1,092,533","1,097,760","1,384,199","1,027,921","1,045,822","1,071,553","1,262,236","892,680","848,203",15.18%,6.29%,6.79%,34.66%,57.85%,1.74%,4.24%,22.80%,-13.16%,-17.48%
"1.027   NO,  this doesn't look like an ex-JPEG image.",VAE4M5C.png,"1,974,462","1,901,984","1,839,995","1,681,329","5,032,840","1,623,256","1,625,184","1,837,159","2,087,769","1,771,240","1,371,617",17.17%,13.35%,3.58%,210.05%,21.64%,0.12%,13.18%,28.62%,9.12%,-15.50%
"1.000   NO,  this doesn't look like an ex-JPEG image.",vd72fgizlvm51.png,"158,326","144,536","140,187","111,337","531,865","100,303","100,769","132,079","175,029","108,400","95,860",44.10%,39.76%,11.00%,430.26%,57.85%,0.46%,31.68%,74.50%,8.07%,-4.43%
"1.049   NO,  this doesn't look like an ex-JPEG image.",vg62jmm6vhh41.png,"1,289,053","965,584","936,077","911,259","1,080,991","875,114","884,555","902,663","950,922","836,028","814,254",10.34%,6.97%,4.13%,23.53%,47.30%,1.08%,3.15%,8.66%,-4.47%,-6.95%
"1.000   NO,  this doesn't look like an ex-JPEG image.",vi0nrwmldoe51.png,"638,349","571,820","612,341","471,040","973,585","409,281","410,471","448,903","1,195,971","474,644","355,422",39.71%,49.61%,15.09%,137.88%,55.97%,0.29%,9.68%,192.21%,15.97%,-13.16%
"1.000   NO,  this doesn't look like an ex-JPEG image.",viu3gx6ipko31.png,"1,708,475","1,142,902","1,055,862","1,005,801","1,809,609","867,575","932,677","1,050,409","1,387,671","957,752","731,713",31.74%,21.70%,15.93%,108.58%,96.93%,7.50%,21.07%,59.95%,10.39%,-15.66%
"1.000   NO,  this doesn't look like an ex-JPEG image.",vj7da7pp6l841.png,"2,236,119","1,384,576","1,388,410","1,107,752","2,381,304","1,078,960","1,124,843","1,175,455","1,295,568","1,039,040","1,007,629",28.33%,28.68%,2.67%,120.70%,107.25%,4.25%,8.94%,20.08%,-3.70%,-6.61%
"1.017   NO,  this doesn't look like an ex-JPEG image.",vkkb9n0gg4x51.png,"2,404,371","2,286,912","1,968,036","1,616,205","7,424,877","1,467,703","1,475,075","1,841,894","2,515,681","1,606,952","1,343,275",55.82%,34.09%,10.12%,405.88%,63.82%,0.50%,25.50%,71.40%,9.49%,-8.48%
"1.041   NO,  this doesn't look like an ex-JPEG image.",vrbcujpdkw341.png,"3,522,036","3,393,876","3,313,318","3,187,684","7,390,821","3,034,669","3,058,143","3,367,164","3,732,120","3,209,344","2,850,472",11.84%,9.18%,5.04%,143.55%,16.06%,0.77%,10.96%,22.98%,5.76%,-6.07%
"1.178 ! YES, this looks like an ex-JPEG image, shifts: 7, 0.",vuypwosdqb541.png,"1,172,896","917,904","876,052","804,508","1,095,784","750,041","775,159","802,212","886,679","669,168","648,780",22.38%,16.80%,7.26%,46.10%,56.38%,3.35%,6.96%,18.22%,-10.78%,-13.50%
"1.019   NO,  this doesn't look like an ex-JPEG image.",webvs6kvmv061.png,"536,337","507,646","502,034","433,331","1,042,359","370,851","373,821","448,522","1,297,483","400,020","351,359",36.89%,35.37%,16.85%,181.07%,44.62%,0.80%,20.94%,249.87%,7.87%,-5.26%
"1.000   NO,  this doesn't look like an ex-JPEG image.",wjlm4lmsmvz51.png,"162,564","156,066","154,471","128,749","458,428","119,450","120,075","135,023","161,997","130,360","116,230",30.65%,29.32%,7.78%,283.78%,36.09%,0.52%,13.04%,35.62%,9.13%,-2.70%
"1.000   NO,  this doesn't look like an ex-JPEG image.",WMATs1y.png,"70,621","67,622","66,953","53,188","188,309","50,217","50,384","57,834","65,167","54,580","49,547",34.66%,33.33%,5.92%,274.99%,40.63%,0.33%,15.17%,29.77%,8.69%,-1.33%
"1.000   NO,  this doesn't look like an ex-JPEG image.",wnuau72hudc41.png,"500,694","438,356","429,437","447,983","1,633,406","420,463","424,057","464,037","1,324,967","303,716","356,404",4.26%,2.13%,6.55%,288.48%,19.08%,0.85%,10.36%,215.12%,-27.77%,-15.24%
"1.000   NO,  this doesn't look like an ex-JPEG image.",wrlcnmbey8h51.png,"273,883","256,796","253,643","216,910","645,263","207,061","209,553","226,438","249,528","215,456","197,017",24.02%,22.50%,4.76%,211.63%,32.27%,1.20%,9.36%,20.51%,4.05%,-4.85%
"1.000   NO,  this doesn't look like an ex-JPEG image.",wvhiuw7rf7s51.png,"1,306,748","1,233,126","1,215,811","1,156,845","2,422,991","1,119,254","1,128,820","1,190,215","1,223,339","1,177,376","1,081,595",10.17%,8.63%,3.36%,116.48%,16.75%,0.85%,6.34%,9.30%,5.19%,-3.36%
"1.000   NO,  this doesn't look like an ex-JPEG image.",x2a59lzz0l841.png,"244,797","239,908","238,602","208,791","463,922","203,912","205,409","218,226","226,282","178,152","189,243",17.65%,17.01%,2.39%,127.51%,20.05%,0.73%,7.02%,10.97%,-12.63%,-7.19%
"1.000   NO,  this doesn't look like an ex-JPEG image.",x6iu1gs310v51.png,"381,019","369,542","368,772","329,193","1,202,198","309,012","311,835","362,935","424,943","333,788","284,593",19.59%,19.34%,6.53%,289.05%,23.30%,0.91%,17.45%,37.52%,8.02%,-7.90%
1.085   Maybe. Try better methods.,xec17ym8zuw51.png,"125,027","118,994","117,210","92,547","279,946","87,383","87,405","97,826","111,074","95,268","87,477",36.18%,34.13%,5.91%,220.37%,43.08%,0.03%,11.95%,27.11%,9.02%,0.11%
1.056   Maybe. Try better methods.,xgsm3y169hk41.png,"1,455,873","1,382,568","1,359,566","1,167,742","2,185,765","1,134,184","1,135,368","1,183,136","1,324,038","959,628","998,955",21.90%,19.87%,2.96%,92.72%,28.36%,0.10%,4.32%,16.74%,-15.39%,-11.92%
"1.000   NO,  this doesn't look like an ex-JPEG image.",xptmu1db53o31.png,"47,823","44,126","47,395","44,657","92,172","50,175","42,276","67,254","118,212","27,596","37,610",-12.06%,-5.54%,-11.00%,83.70%,-4.69%,-15.74%,34.04%,135.60%,-45.00%,-25.04%
"1.000   NO,  this doesn't look like an ex-JPEG image.",xv3ry3gz67z51.png,"777,583","586,436","550,771","464,797","994,902","450,256","471,593","507,082","573,128","467,968","435,374",30.25%,22.32%,3.23%,120.96%,72.70%,4.74%,12.62%,27.29%,3.93%,-3.31%
1.109   Maybe. Try better methods.,y5flaa15m9u31.png,"111,481","103,406","116,142","83,213","479,717","79,788","80,070","88,534","97,481","89,424","81,928",29.60%,45.56%,4.29%,501.24%,39.72%,0.35%,10.96%,22.18%,12.08%,2.68%
"1.000   NO,  this doesn't look like an ex-JPEG image.",y8m37i5vjo641.png,"1,529,706","1,067,402","994,233","1,041,421","1,694,032","759,105","793,699","945,117","1,697,440","780,820","599,274",40.61%,30.97%,37.19%,123.16%,101.51%,4.56%,24.50%,123.61%,2.86%,-21.06%
"1.000   NO,  this doesn't look like an ex-JPEG image.",ycqqawdmoqw31.png,"1,723,482","1,121,082","1,089,703","847,575","1,801,372","776,491","807,705","851,549","936,009","707,452","753,791",44.38%,40.34%,9.15%,131.99%,121.96%,4.02%,9.67%,20.54%,-8.89%,-2.92%
1.084   Maybe. Try better methods.,yooka0rxmdg41.png,"4,206,767","4,144,750","3,946,118","3,285,109","16,618,292","3,298,936","3,203,448","3,707,971","4,330,802","3,659,708","2,960,974",25.64%,19.62%,-0.42%,403.75%,27.52%,-2.89%,12.40%,31.28%,10.94%,-10.24%
"1.050   NO,  this doesn't look like an ex-JPEG image.",yow939rlktw51.png,"623,645","570,958","556,282","532,663","1,158,275","504,067","506,980","544,394","576,221","523,816","475,442",13.27%,10.36%,5.67%,129.79%,23.72%,0.58%,8.00%,14.31%,3.92%,-5.68%
"1.000   NO,  this doesn't look like an ex-JPEG image.",ywb9slhs0yq51.png,"1,161,073","1,070,348","1,047,993","873,618","2,136,943","826,748","831,338","893,582","978,386","778,552","761,445",29.46%,26.76%,5.67%,158.48%,40.44%,0.56%,8.08%,18.34%,-5.83%,-7.90%
"1.855 ! YES, this looks like an ex-JPEG image, no smoothing, shifts: 7, 7.",z6q5gvnuk3y31.png,"102,570","68,262","69,426","55,648","151,816","52,277","53,804","71,012","108,922","56,976","47,117",30.58%,32.80%,6.45%,190.41%,96.20%,2.92%,35.84%,108.36%,8.99%,-9.87%
"1.000   NO,  this doesn't look like an ex-JPEG image.",zcmes20wzwj31.png,"105,858","100,152","101,596","84,947","424,792","79,881","80,520","103,920","133,184","84,860","76,395",25.38%,27.18%,6.34%,431.78%,32.52%,0.80%,30.09%,66.73%,6.23%,-4.36%
"4.084 ! YES, this looks like an ex-JPEG image, no smoothing.",zgtofh8e5cp31.png,"1,236,723","1,003,442","933,629","848,760","1,131,633","829,594","899,898","956,999","1,117,467","863,204","783,967",20.96%,12.54%,2.31%,36.41%,49.08%,8.47%,15.36%,34.70%,4.05%,-5.50%
"1.049   NO,  this doesn't look like an ex-JPEG image.",znzr9zvabbj31.png,"2,531,242","1,677,684","1,629,302","1,376,543","2,660,647","1,338,403","1,366,048","1,431,906","1,552,613","1,245,952","1,234,485",25.35%,21.73%,2.85%,98.79%,89.12%,2.07%,6.99%,16.00%,-6.91%,-7.76%
"1.233 ! YES, this looks like an ex-JPEG image, shifts: 7, 7.",zvg2y872b1p41.png,"1,431,691","1,038,904","978,862","918,280","1,382,483","742,896","801,967","875,547","1,139,563","691,884","649,365",39.85%,31.76%,23.61%,86.09%,92.72%,7.95%,17.86%,53.39%,-6.87%,-12.59%
1.063   Maybe. Try better methods.,zvlk592waga51.png,"2,663,946","1,744,018","1,644,286","1,495,577","2,532,176","1,382,182","1,439,225","1,536,454","2,016,692","1,193,312","1,123,329",26.18%,18.96%,8.20%,83.20%,92.73%,4.13%,11.16%,45.91%,-13.66%,-18.73%